C1A114098,,
C1A114105,,
C1A114109,,
C1A114117,,
C1A114291,,
C1A114309,,
C1A114333,,
C1A114348,,
C1A515007,,
C1A515016,,
C1A515018,,
C1A515028,,
C1A515030,,
C1A515032,,
C1A515043,,
C1A515082,,
C1A515084,,
C1A515103,,
C1A515114,,
C1A515120,,
C1A515125,,
C1A515138,,
C1A515146,,
C1A515149,,
C1A515150,,
C1A515155,,
C1A515167,,
C1A515177,,
C1A515179,,
C1B117140,,
C1B117143,,
C1B117147,,
C1B117150,,
C1B117151,,
C1B117152,,
C1B117153,,
C1B117154,,
C1B117155,,
C1B117156,,
C1B117158,,
C1B117159,,
C1B117160,,
C1B117161,,
C1B117171,,
C1B117174,,
C1B117175,,
C1B117176,,
C1B117185,,
C1B117190,,
C1B117192,,
C1B117194,,
C1B117195,,
C1B117199,,
C1B117204,,
C1B117207,,
C1B117209,,
C1B117212,,
C1B117213,,
C1B117219,,
C1B117222,,
C1D616005,,
C1D616006,,
C1D616008,,
C1D616010,,
C1D616015,,
C1D616016,,
C1D616020,,
C1D616023,,
C1D616025,,
C1D616029,,
C1D616030,,
C1D616032,,
C1D616033,,
C1D616035,,
C1D616038,,
C1D616040,,
C1D616041,,
C1D616042,,
C1D616046,,
C1D616051,,
C1D616055,,
C1D616057,,
C1D616058,,
C1D616059,,
C1D616062,,
C1D616063,,
C1D616065,,
C1D616069,,
C1D616070,,
C1D616072,,
C1D616075,,
C1D616077,,
C1D616079,,
C1D616081,,
C1D616082,,
C1D616083,,
C1B313047,,
C1B314046,,
C1B314047,,
C1B314073,,
C1B314074,,
C1B314075,,
C1B315004,,
C1B315011,,
C1B315012,,
C1B315029,,
C1B315034,,
C1B315039,,
C1B315040,,
C1B315046,,
C1B315055,,
C1B315058,,
C1B315061,,
C1B315080,,
C1B316002,,
C1B316006,,
C1B316007,,
C1B316016,,
C1B316028,,
C1B316031,,
C1B316033,,
C1B316034,,
C1B316040,,
C1B316056,,
C1B316061,,
C1B316064,,
C1B316065,,
C1B316067,,
C1B316068,,
C1B316075,,
C1B316078,,
C1B316081,,
C1B316082,,
C1B316083,,
C1B316084,,
C1B316086,,
C1B316087,,
C1B316088,,
C1B316090,,
C1B316091,,
C1B316093,,
C1B316098,,
C1B316099,,
C1B316101,,
C1B316105,,
C1B316106,,
C1B316111,,
C1B316112,,
C1B316113,,
C1B316116,,
C1B316117,,
C1B316118,,
C1B316119,,
C1B316120,,
C1B316122,,
C1B316123,,
C1B316125,,
C1B316126,,
C1B316128,,
C1B316130,,
C1B316133,,
C1B316135,,
C1B316136,,
C1B316137,,
C1B316139,,
C1B316140,,
C1B316141,,
C1B316143,,
C1B316144,,
C1B316145,,
C1B316150,,
C1B316154,,
C1B316155,,
C1B316156,,
C1B318001,,
C1B318002,,
C1B318003,,
C1B318004,,
C1B318005,,
C1B318006,,
C1B318007,,
C1B318008,,
C1B318011,,
C1B318012,,
C1B318013,,
C1B318014,,
C1B318015,,
C1B318016,,
C1B318017,,
C1B318018,,
C1B318019,,
C1B318020,,
C1B318021,,
C1B318022,,
C1B318024,,
C1B318025,,
C1B318027,,
C1B318028,,
C1B318029,,
C1B318031,,
C1B318032,,
C1B318033,,
C1B318034,,
C1B318035,,
C1B318036,,
C1B318038,,
C1B318039,,
C1B318040,,
C1B318041,,
C1B318042,,
C1B318043,,
C1B318044,,
C1B318045,,
C1B318047,,
C1B318048,,
C1B318050,,
C1B318051,,
C1B318053,,
C1B318056,,
C1B318057,,
C1B318058,,
C1B318059,,
C1B318061,,
C1B318062,,
C1B318063,,
C1B318064,,
C1B318065,,
C1B318066,,
C1B318067,,
C1B319003,,
C1B319004,,
C1B319005,,
C1B319006,,
C1B319008,,
C1B319009,,
C1B319011,,
C1B319012,,
C1B319014,,
C1B319015,,
C1B319016,,
C1B319017,,
C1B319018,,
C1B319019,,
C1B319021,,
C1B319022,,
C1B319023,,
C1B319025,,
C1B319026,,
C1B319029,,
C1B319030,,
C1B319031,,
C1B319032,,
C1B319033,,
C1B319036,,
C1B319038,,
C1B319039,,
C1B319040,,
C1B319041,,
C1B319042,,
C1B319043,,
C1B319044,,
C1B319045,,
C1B319046,,
C1B319047,,
C1B319048,,
C1B319049,,
C1B319050,,
C1B319051,,
C1B319052,,
C1B319053,,
C1B319055,,
C1B319056,,
C1B319057,,
C1B319058,,
C1B319059,,
C1B319060,,
C1B319061,,
C1B319062,,
C1B319063,,
C1B319064,,
C1B319065,,
C1B319066,,
C1B319067,,
C1B319068,,
C1B319069,,
C1B319070,,
C1B319071,,
C1B319072,,
C1B319073,,
C1B319075,,
C1B319076,,
C1B319077,,
C1B319078,,
C1B319079,,
C1B319080,,
C1B319081,,
C1B319082,,
C1B319083,,
C1B319084,,
C1B319085,,
C1B319086,,
C1B319087,,
C1B319088,,
C1B319090,,
C1B319091,,
C1B319092,,
C1B319093,,
C1B319095,,
C1B319096,,
C1B319097,,
C1B319098,,
C1B319099,,
C1B319100,,
C1B319103,,
C1B319104,,
C1B319106,,
C1B319107,,
C1B319108,,
C1B319109,,
C1B319110,,
C1B319111,,
C1B319112,,
C1B319113,,
C1B319114,,
C1B319115,,
C1B319116,,
C1B319117,,
C1B319118,,
C1B320001,,
C1B320003,,
C1B320004,,
C1B320005,,
C1B320007,,
C1B320008,,
C1B320009,,
C1B320010,,
C1B320011,,
C1B320012,,
C1B320014,,
C1B320015,,
C1B320016,,
C1B320017,,
C1B320018,,
C1B320019,,
C1B320020,,
C1B320021,,
C1B320022,,
C1B320023,,
C1B320025,,
C1B320026,,
C1B320027,,
C1B320028,,
C1B320029,,
C1B320030,,
C1B320031,,
C1B320032,,
C1B320033,,
C1B320034,,
C1B320035,,
C1B320036,,
C1B320037,,
C1B320038,,
C1B320039,,
C1B320040,,
C1B320041,,
C1B320042,,
C1B320043,,
C1B320044,,
C1B320045,,
C1B320046,,
C1B320047,,
C1B320048,,
C1B320049,,
C1B320050,,
C1B320051,,
C1B320052,,
C1B320053,,
C1B320054,,
C1B320055,,
C1B320056,,
C1B320057,,
C1B320058,,
C1B320059,,
C1B320060,,
C1B320061,,
C1B320062,,
C1B320063,,
C1B320064,,
C1B320065,,
C1B320066,,
C1B320067,,
C1B320068,,
C1B320069,,
C1B320070,,
C1B320071,,
C1B320072,,
C1B320073,,
C1B320074,,
C1B320075,,
C1B320076,,
C1B320077,,
C1B320078,,
C1B320079,,
C1B320080,,
C1B320081,,
C1B320082,,
C1B320083,,
C1B320084,,
C1B320085,,
C1B320086,,
C1B320087,,
C1B320088,,
C1B320089,,
C1B320090,,
C1B320091,,
C1B320092,,
C1B320093,,
C1B320094,,
C1B320095,,
C1B320096,,
C1B320097,,
C1B320098,,
C1B320099,,
C1B320100,,
C1B320101,,
C1B320102,,
C1B320103,,
C1B320104,,
C1B320105,,
C1B320106,,
C1B320107,,
C1B320108,,
C1B320109,,
C1B320110,,
C1B320111,,
C1B320112,,
C1B320113,,
C1B320114,,
C1B320115,,
C1B320116,,
C1B320117,,
C1B320118,,
C1B320119,,
C1B320120,,
C1B320121,,
C1B320122,,
C1B320123,,
C1B320124,,
C1B320125,,
C1B320126,,
C1B320127,,
C1B320128,,
C1D117001,,
C1D117002,,
C1D117003,,
C1D117004,,
C1D117005,,
C1D117007,,
C1D117009,,
C1D117010,,
C1D117011,,
C1D117013,,
C1D117014,,
C1D117015,,
C1D117017,,
C1D117018,,
C1D117019,,
C1D117020,,
C1D117022,,
C1D117023,,
C1D117026,,
C1D117027,,
C1D117028,,
C1D117029,,
C1D117030,,
C1D117031,,
C1D117032,,
C1D117033,,
C1D117034,,
C1D117035,,
C1D117036,,
C1D117038,,
C1D117039,,
C1D117040,,
C1D117041,,
C1D117043,,
C1D117045,,
C1D117047,,
C1D117048,,
C1D117051,,
C1D117052,,
C1D117053,,
C1D117054,,
C1D117056,,
C1D117059,,
C1D117060,,
C1D117061,,
C1D117062,,
C1D117065,,
C1D117066,,
C1D117067,,
C1G118001,,
C1G118002,,
C1G118004,,
C1G118006,,
C1G118007,,
C1G118008,,
C1G118009,,
C1G118010,,
C1G118011,,
C1G118012,,
C1G118013,,
C1G118014,,
C1G118015,,
C1G118016,,
C1G118017,,
C1G118018,,
C1G118019,,
C1G118020,,
C1G118022,,
C1G118023,,
C1G118024,,
C1G118025,,
C1G118027,,
C1G118030,,
C1G118031,,
C1G118032,,
C1G118033,,
C1G118034,,
C1G118036,,
C1G118038,,
C1G118039,,
C1G118042,,
C1G118043,,
C1G118044,,
C1G118046,,
C1G118047,,
C1G118048,,
C1G118049,,
C1G118050,,
C1G118051,,
C1G118052,,
C1G118054,,
C1G118055,,
C1G118056,,
C1G118057,,
C1G118060,,
C1G118061,,
C1G118062,,
C1G118063,,
C1G118064,,
C1G118065,,
C1G118067,,
C1G118068,,
C1G118069,,
C1G118070,,
C1G118071,,
C1G118072,,
C1G118074,,
C1G118077,,
C1G118078,,
C1G118079,,
C1G118080,,
C1G118082,,
C1G118083,,
C1G118084,,
C1G118085,,
C1G118086,,
C1G118087,,
C1G118088,,
C1G118090,,
C1G118091,,
C1G118093,,
C1G118094,,
C1G118095,,
C1G118096,,
C1G118097,,
C1G118098,,
C1G118099,,
C1G118100,,
C1G118101,,
C1G118102,,
C1G118103,,
C1G118104,,
C1G118105,,
C1G118106,,
C1G118108,,
C1G118109,,
C1G118110,,
C1G118111,,
C1G118112,,
C1G118113,,
C1G118114,,
C1G118115,,
C1G118116,,
C1G118117,,
C1G118120,,
C1G118121,,
C1G118122,,
C1G118123,,
C1G118125,,
C1G118126,,
C1G119001,,
C1G119002,,
C1G119003,,
C1G119004,,
C1G119005,,
C1G119006,,
C1G119007,,
C1G119008,,
C1G119010,,
C1G119011,,
C1G119012,,
C1G119013,,
C1G119014,,
C1G119015,,
C1G119017,,
C1G119018,,
C1G119019,,
C1G119020,,
C1G119021,,
C1G119022,,
C1G119023,,
C1G119026,,
C1G119027,,
C1G119028,,
C1G119029,,
C1G119030,,
C1G119031,,
C1G119033,,
C1G119034,,
C1G119035,,
C1G119036,,
C1G119037,,
C1G119039,,
C1G119040,,
C1G119041,,
C1G119042,,
C1G119043,,
C1G119044,,
C1G119045,,
C1G119046,,
C1G119047,,
C1G119048,,
C1G119049,,
C1G119051,,
C1G119052,,
C1G119053,,
C1G119054,,
C1G119055,,
C1G119056,,
C1G119057,,
C1G119058,,
C1G119059,,
C1G119060,,
C1G119061,,
C1G119062,,
C1G119063,,
C1G119064,,
C1G119066,,
C1G119067,,
C1G119068,,
C1G119069,,
C1G119070,,
C1G119071,,
C1G119072,,
C1G119073,,
C1G119075,,
C1G119076,,
C1G119078,,
C1G119079,,
C1G119080,,
C1G119083,,
C1G119084,,
C1G119085,,
C1G119086,,
C1G119087,,
C1G119088,,
C1G119089,,
C1G119090,,
C1G119091,,
C1G119093,,
C1G119095,,
C1G119098,,
C1G119099,,
C1G119100,,
C1G119102,,
C1G119103,,
C1G119104,,
C1G119105,,
C1G119106,,
C1G119107,,
C1G119108,,
C1G119109,,
C1G119110,,
C1G119111,,
C1G119112,,
C1G119113,,
C1G119116,,
C1G119117,,
C1G119118,,
C1G119119,,
C1G119120,,
C1G119121,,
C1G119122,,
C1G119123,,
C1G119124,,
C1G119125,,
C1G119126,,
C1G119129,,
C1G119130,,
C1G119131,,
C1G119132,,
C1G119133,,
C1G119135,,
C1G119136,,
C1G119137,,
C1G119138,,
C1G119139,,
C1G119140,,
C1G119141,,
C1G119142,,
C1G119143,,
C1G119144,,
C1G119145,,
C1G119146,,
C1G119147,,
C1G119148,,
C1G119149,,
C1G119150,,
C1G119151,,
C1G120001,,
C1G120002,,
C1G120004,,
C1G120005,,
C1G120008,,
C1G120009,,
C1G120010,,
C1G120011,,
C1G120012,,
C1G120013,,
C1G120014,,
C1G120015,,
C1G120016,,
C1G120017,,
C1G120018,,
C1G120019,,
C1G120020,,
C1G120021,,
C1G120022,,
C1G120023,,
C1G120024,,
C1G120025,,
C1G120026,,
C1G120027,,
C1G120028,,
C1G120031,,
C1G120032,,
C1G120033,,
C1G120034,,
C1G120035,,
C1G120036,,
C1G120037,,
C1G120038,,
C1G120039,,
C1G120040,,
C1G120041,,
C1G120042,,
C1G120043,,
C1G120044,,
C1G120045,,
C1G120046,,
C1G120047,,
C1G120048,,
C1G120049,,
C1G120050,,
C1G120051,,
C1G120053,,
C1G120054,,
C1G120055,,
C1G120056,,
C1G120057,,
C1G120058,,
C1G120059,,
C1G120060,,
C1G120061,,
C1G120062,,
C1G120063,,
C1G120064,,
C1G120065,,
C1G120066,,
C1G120067,,
C1G120068,,
C1G120069,,
C1G120070,,
C1G120071,,
C1G120072,,
C1G120073,,
C1G120074,,
C1G120075,,
C1G120076,,
C1G120077,,
C1G120078,,
C1G120079,,
C1G120080,,
C1G120081,,
C1G120082,,
C1G120083,,
C1G120084,,
C1G120085,,
C1G120086,,
C1G120087,,
C1G120088,,
C1G120090,,
C1G120091,,
C1G120092,,
C1G120093,,
C1G120094,,
C1G120095,,
C1G120096,,
C1G120097,,
C1G120098,,
C1G120099,,
C1G120100,,
C1G120101,,
C1G120102,,
C1G120103,,
C1G120104,,
C1G120105,,
C1G120106,,
C1G120107,,
C1G120108,,
C1G120109,,
C1G120110,,
C1G120111,,
C1G120112,,
C1G120113,,
C1G120114,,
C1G120116,,
C1G120117,,
C1G120118,,
C1G120119,,
C1G120120,,
C1G120121,,
C1G120123,,
C1G120124,,
C1G120125,,
C1G120126,,
C1G120127,,
C1G120128,,
C1G120129,,
C1G120130,,
C1G120131,,
C1G120132,,
C1G120133,,
C1G120134,,
C1G120135,,
C1G120136,,
C1G120137,,
C1G120138,,
C1G120139,,
C1G120140,,
C1G120141,,
C1G120142,,
C1G120143,,
C1G120144,,
C1G120145,,
C1G120146,,
C1G120147,,
C1G120148,,
C1C117001,,
C1C117002,,
C1C117003,,
C1C117004,,
C1C117005,,
C1C117006,,
C1C117007,,
C1C117011,,
C1C117012,,
C1C117014,,
C1C117015,,
C1C117016,,
C1C117018,,
C1C117019,,
C1C117020,,
C1C117021,,
C1C117025,,
C1C117026,,
C1C117027,,
C1C117028,,
C1C117029,,
C1C117030,,
C1C117031,,
C1C117032,,
C1C117033,,
C1C117035,,
C1C117036,,
C1C117037,,
C1C117038,,
C1C117039,,
C1C117040,,
C1C117041,,
C1C117042,,
C1C117043,,
C1C117044,,
C1C117048,,
C1C117049,,
C1C117051,,
C1C117053,,
C1C117055,,
C1C117056,,
C1C117058,,
C1C117060,,
C1C117061,,
C1C117062,,
C1C117063,,
C1C117064,,
C1C117065,,
C1C117066,,
C1C117067,,
C1C117070,,
C1C117071,,
C1C117072,,
C1C117073,,
C1C117074,,
C1C117077,,
C1C117078,,
C1C117079,,
C1C117080,,
C1C117081,,
C1C117082,,
C1C117084,,
C1C117088,,
C1C117090,,
C1C117091,,
C1C117092,,
C1C117093,,
C1C117094,,
C1C117095,,
C1C117096,,
C1C117097,,
C1C117098,,
C1C117099,,
C1C117100,,
C1C117101,,
C1C117102,,
C1C117103,,
C1C117105,,
C1C117106,,
C1C117107,,
C1C117109,,
C1C117110,,
C1C117111,,
C1C117112,,
C1C117113,,
C1D313063,,
C1D313082,,
C1D313088,,
C1D314013,,
C1D314106,,
C1D314146,,
C1D314147,,
C1D315001,,
C1D315002,,
C1D315007,,
C1D315012,,
C1D315018,,
C1D315021,,
C1D315037,,
C1D315055,,
C1D315078,,
C1D315097,,
C1D315168,,
C1D315181,,
C1D315183,,
C1D315191,,
C1D315199,,
C1D315201,,
C1D315205,,
C1D315214,,
C1D315226,,
C1D315227,,
C1D315232,,
C1D315235,,
C1D315240,,
C1D315250,,
C1D315252,,
C1D316002,,
C1D316004,,
C1D316007,,
C1D316008,,
C1D316009,,
C1D316010,,
C1D316011,,
C1D316016,,
C1D316024,,
C1D316025,,
C1D316029,,
C1D316031,,
C1D316032,,
C1D316036,,
C1D316039,,
C1D316044,,
C1D316046,,
C1D316047,,
C1D316048,,
C1D316049,,
C1D316051,,
C1D316055,,
C1D316068,,
C1D316069,,
C1D316072,,
C1D316073,,
C1D316074,,
C1D316076,,
C1D316078,,
C1D316080,,
C1D316085,,
C1D316090,,
C1D316091,,
C1D316092,,
C1D316093,,
C1D316095,,
C1D316096,,
C1D316098,,
C1D316099,,
C1D316103,,
C1D316108,,
C1D316112,,
C1D316115,,
C1D316118,,
C1D316119,,
C1D316120,,
C1D316124,,
C1D316128,,
C1D316132,,
C1D316137,,
C1D316142,,
C1D316144,,
C1D316145,,
C1D316146,,
C1D316147,,
C1D316149,,
C1D316150,,
C1D316151,,
C1D316153,,
C1D316154,,
C1D316155,,
C1D316156,,
C1D316158,,
C1D316159,,
C1D316160,,
C1D316161,,
C1D316162,,
C1D316164,,
C1D316166,,
C1D316169,,
C1D316170,,
C1D316174,,
C1D316176,,
C1D316178,,
C1D316179,,
C1D316181,,
C1D316182,,
C1D316184,,
C1D316188,,
C1D316190,,
C1D316195,,
C1D316196,,
C1D316199,,
C1D316200,,
C1D316201,,
C1D316203,,
C1D317009,,
C1D318001,,
C1D318002,,
C1D318003,,
C1D318004,,
C1D318005,,
C1D318006,,
C1D318008,,
C1D318009,,
C1D318010,,
C1D318011,,
C1D318012,,
C1D318013,,
C1D318014,,
C1D318015,,
C1D318016,,
C1D318017,,
C1D318018,,
C1D318019,,
C1D318020,,
C1D318021,,
C1D318022,,
C1D318023,,
C1D318026,,
C1D318027,,
C1D318028,,
C1D318029,,
C1D318030,,
C1D318031,,
C1D318032,,
C1D318033,,
C1D318034,,
C1D318035,,
C1D318036,,
C1D318039,,
C1D318040,,
C1D318041,,
C1D318042,,
C1D318043,,
C1D318044,,
C1D318045,,
C1D318046,,
C1D318048,,
C1D318049,,
C1D318050,,
C1D318051,,
C1D318052,,
C1D318053,,
C1D318054,,
C1D318055,,
C1D318056,,
C1D318057,,
C1D318058,,
C1D318059,,
C1D318060,,
C1D318061,,
C1D318062,,
C1D318063,,
C1D318064,,
C1D318065,,
C1D318066,,
C1D318067,,
C1D318068,,
C1D318069,,
C1D318070,,
C1D318072,,
C1D318073,,
C1D318074,,
C1D318076,,
C1D318077,,
C1D318078,,
C1D318079,,
C1D318080,,
C1D318082,,
C1D318086,,
C1D318087,,
C1D318088,,
C1D318090,,
C1D318091,,
C1D318092,,
C1D318094,,
C1D318095,,
C1D318096,,
C1D318099,,
C1D318100,,
C1D318101,,
C1D318107,,
C1D318109,,
C1D318111,,
C1D318112,,
C1D318113,,
C1D318114,,
C1D318115,,
C1D318116,,
C1D318117,,
C1D318118,,
C1D318120,,
C1D318121,,
C1D319001,,
C1D319002,,
C1D319003,,
C1D319005,,
C1D319006,,
C1D319007,,
C1D319008,,
C1D319009,,
C1D319010,,
C1D319011,,
C1D319012,,
C1D319013,,
C1D319014,,
C1D319015,,
C1D319016,,
C1D319017,,
C1D319018,,
C1D319019,,
C1D319021,,
C1D319023,,
C1D319024,,
C1D319025,,
C1D319026,,
C1D319027,,
C1D319028,,
C1D319029,,
C1D319030,,
C1D319031,,
C1D319032,,
C1D319033,,
C1D319034,,
C1D319035,,
C1D319036,,
C1D319037,,
C1D319038,,
C1D319040,,
C1D319041,,
C1D319042,,
C1D319043,,
C1D319044,,
C1D319045,,
C1D319046,,
C1D319047,,
C1D319048,,
C1D319049,,
C1D319050,,
C1D319051,,
C1D319052,,
C1D319053,,
C1D319054,,
C1D319055,,
C1D319056,,
C1D319057,,
C1D319058,,
C1D319059,,
C1D319060,,
C1D319061,,
C1D319063,,
C1D319065,,
C1D319066,,
C1D319067,,
C1D319068,,
C1D319069,,
C1D319070,,
C1D319071,,
C1D319072,,
C1D319073,,
C1D319074,,
C1D319075,,
C1D319076,,
C1D319077,,
C1D319079,,
C1D319080,,
C1D319081,,
C1D319082,,
C1D319083,,
C1D319084,,
C1D319085,,
C1D319086,,
C1D319087,,
C1D319088,,
C1D319089,,
C1D319090,,
C1D319091,,
C1D319093,,
C1D319094,,
C1D319095,,
C1D319096,,
C1D319097,,
C1D319098,,
C1D319099,,
C1D319100,,
C1D319101,,
C1D319103,,
C1D319104,,
C1D319105,,
C1D319106,,
C1D319107,,
C1D319108,,
C1D319109,,
C1D319110,,
C1D319111,,
C1D319112,,
C1D319113,,
C1D319114,,
C1D319115,,
C1D319116,,
C1D319117,,
C1D319119,,
C1D319120,,
C1D319121,,
C1D319122,,
C1D319123,,
C1D319124,,
C1D319125,,
C1D319126,,
C1D319127,,
C1D319128,,
C1D319129,,
C1D319130,,
C1D319131,,
C1D319132,,
C1D319133,,
C1D319134,,
C1D319135,,
C1D319137,,
C1D319138,,
C1D319139,,
C1D319140,,
C1D319141,,
C1D319142,,
C1D319143,,
C1D319144,,
C1D319145,,
C1D319146,,
C1D320001,,
C1D320002,,
C1D320003,,
C1D320004,,
C1D320008,,
C1D320009,,
C1D320010,,
C1D320011,,
C1D320012,,
C1D320013,,
C1D320014,,
C1D320015,,
C1D320016,,
C1D320018,,
C1D320019,,
C1D320020,,
C1D320021,,
C1D320022,,
C1D320023,,
C1D320024,,
C1D320025,,
C1D320026,,
C1D320028,,
C1D320029,,
C1D320030,,
C1D320031,,
C1D320032,,
C1D320033,,
C1D320034,,
C1D320035,,
C1D320036,,
C1D320037,,
C1D320038,,
C1D320039,,
C1D320040,,
C1D320042,,
C1D320043,,
C1D320044,,
C1D320045,,
C1D320046,,
C1D320047,,
C1D320048,,
C1D320049,,
C1D320050,,
C1D320051,,
C1D320052,,
C1D320053,,
C1D320054,,
C1D320055,,
C1D320056,,
C1D320057,,
C1D320058,,
C1D320059,,
C1D320060,,
C1D320061,,
C1D320062,,
C1D320063,,
C1D320064,,
C1D320065,,
C1D320066,,
C1D320067,,
C1D320068,,
C1D320069,,
C1D320070,,
C1D320071,,
C1D320072,,
C1D320073,,
C1D320074,,
C1D320075,,
C1D320076,,
C1D320077,,
C1D320078,,
C1D320079,,
C1D320080,,
C1D320081,,
C1D320082,,
C1D320083,,
C1D320084,,
C1D320085,,
C1D320086,,
C1D320087,,
C1D320089,,
C1D320090,,
C1D320091,,
C1D320092,,
C1D320093,,
C1D320094,,
C1D320095,,
C1D320097,,
C1D320098,,
C1D320099,,
C1D320100,,
C1D320101,,
C1D320102,,
C1D320103,,
C1D320104,,
C1D320105,,
C1D320106,,
C1D320107,,
C1D320108,,
C1D320109,,
C1D320110,,
C1D320111,,
C1D320112,,
C1D320113,,
C1D320114,,
C1D320115,,
C1D320117,,
C1D320118,,
C1D320119,,
C1D320120,,
C1D320121,,
C1D320122,,
C1D320123,,
C1D320124,,
C1D320125,,
C1D320126,,
C1D320127,,
C1D320128,,
C1D320129,,
C1D320130,,
C1D320131,,
C1D320132,,
C1D320133,,
C1D320134,,
C1D320135,,
C1D320136,,
C1D320137,,
C1D320138,,
C1D320139,,
C1D320140,,
C1D320141,,
C1D320142,,
C1D320143,,
C1D320144,,
C1D320145,,
C1D320146,,
C1D320148,,
C1D320149,,
C1D320150,,
C1D320151,,
C1D415003,,
C1D415006,,
C1D415015,,
C1D415018,,
C1D415024,,
C1D415029,,
C1D415030,,
C1D415057,,
C1D415063,,
C1D415067,,
C1D415069,,
C1D415070,,
C1D415086,,
C1D415090,,
C1D415091,,
C1D415104,,
C1D415106,,
C1D415107,,
C1D415115,,
C1D415129,,
C1D415131,,
C1D415133,,
C1D416001,,
C1D416002,,
C1D416003,,
C1D416005,,
C1D416006,,
C1D416009,,
C1D416010,,
C1D416011,,
C1D416012,,
C1D416013,,
C1D416014,,
C1D416015,,
C1D416016,,
C1D416017,,
C1D416018,,
C1D416019,,
C1D416022,,
C1D416023,,
C1D416024,,
C1D416025,,
C1D416028,,
C1D416031,,
C1D416032,,
C1D416033,,
C1D416034,,
C1D416035,,
C1D416036,,
C1D416038,,
C1D416039,,
C1D416041,,
C1D416042,,
C1D416043,,
C1D416045,,
C1D416046,,
C1D416047,,
C1D416050,,
C1D416051,,
C1F117001,,
C1F117003,,
C1F117004,,
C1F117005,,
C1F117006,,
C1F117007,,
C1F117008,,
C1F117009,,
C1F117010,,
C1F117011,,
C1F117012,,
C1F117013,,
C1F117014,,
C1F117015,,
C1F117016,,
C1F117017,,
C1F117018,,
C1F117020,,
C1F117022,,
C1F117025,,
C1F117026,,
C1F117028,,
C1F117029,,
C1F117031,,
C1F117032,,
C1F117033,,
C1F117034,,
C1F117035,,
C1F117037,,
C1F117038,,
C1F117039,,
C1F117040,,
C1F117041,,
C1F117042,,
C1F117043,,
C1F117044,,
C1F117045,,
C1F117046,,
C1F117047,,
C1F117048,,
C1F117049,,
C1F117050,,
C1F117051,,
C1F117053,,
C1F117054,,
C1F117055,,
C1F117056,,
C1F117057,,
C1F117058,,
C1F117059,,
C1F117060,,
C1F117061,,
C1F117062,,
C1F117063,,
C1F118001,,
C1F118002,,
C1F118003,,
C1F118005,,
C1F118006,,
C1F118007,,
C1F118008,,
C1F118009,,
C1F118010,,
C1F118011,,
C1F118012,,
C1F118013,,
C1F118015,,
C1F118016,,
C1F118018,,
C1F118019,,
C1F118020,,
C1F118021,,
C1F118022,,
C1F118023,,
C1F118024,,
C1F118025,,
C1F118028,,
C1F118029,,
C1F118030,,
C1F118031,,
C1F118032,,
C1F118033,,
C1F118034,,
C1F118035,,
C1F118036,,
C1F118037,,
C1F118038,,
C1F118039,,
C1F118040,,
C1F118042,,
C1F118043,,
C1F118044,,
C1F118045,,
C1F118046,,
C1F118047,,
C1F118048,,
C1F118049,,
C1F118050,,
C1F118051,,
C1F118052,,
C1F118053,,
C1F118054,,
C1F118055,,
C1F118056,,
C1F118057,,
C1F118058,,
C1F118059,,
C1F118060,,
C1F118061,,
C1F118062,,
C1F118063,,
C1F118064,,
C1F118065,,
C1F118066,,
C1F118067,,
C1F118068,,
C1F118069,,
C1F118071,,
C1F118074,,
C1F118075,,
C1F118076,,
C1F118077,,
C1F118079,,
C1F119002,,
C1F119003,,
C1F119004,,
C1F119005,,
C1F119006,,
C1F119007,,
C1F119008,,
C1F119009,,
C1F119010,,
C1F119011,,
C1F119012,,
C1F119013,,
C1F119014,,
C1F119015,,
C1F119016,,
C1F119017,,
C1F119018,,
C1F119019,,
C1F119021,,
C1F119022,,
C1F119023,,
C1F119024,,
C1F119026,,
C1F119027,,
C1F119029,,
C1F119030,,
C1F119031,,
C1F119032,,
C1F119033,,
C1F119034,,
C1F119035,,
C1F119036,,
C1F119038,,
C1F119039,,
C1F119040,,
C1F119041,,
C1F119042,,
C1F119043,,
C1F119044,,
C1F119045,,
C1F119046,,
C1F119047,,
C1F119048,,
C1F119049,,
C1F119050,,
C1F119051,,
C1F119052,,
C1F119053,,
C1F119054,,
C1F119056,,
C1F119057,,
C1F119058,,
C1F119059,,
C1F119060,,
C1F119061,,
C1F119062,,
C1F119063,,
C1F119064,,
C1F119065,,
C1F119066,,
C1F119067,,
C1F119068,,
C1F119069,,
C1F119070,,
C1F119071,,
C1F119073,,
C1F119074,,
C1F119075,,
C1F119076,,
C1F119077,,
C1F119078,,
C1F119079,,
C1F119080,,
C1F119081,,
C1F119082,,
C1F119083,,
C1F119084,,
C1F119085,,
C1F119086,,
C1F119087,,
C1F119088,,
C1F119089,,
C1F119090,,
C1F119091,,
C1F119092,,
C1F119093,,
C1F119094,,
C1F119095,,
C1F119097,,
C1F119098,,
C1F119099,,
C1F119101,,
C1F119102,,
C1F119103,,
C1F119104,,
C1F119105,,
C1F119106,,
C1F119107,,
C1F119108,,
C1F119109,,
C1F119110,,
C1F119111,,
C1F120001,,
C1F120002,,
C1F120003,,
C1F120004,,
C1F120005,,
C1F120006,,
C1F120008,,
C1F120009,,
C1F120010,,
C1F120011,,
C1F120013,,
C1F120014,,
C1F120015,,
C1F120016,,
C1F120017,,
C1F120018,,
C1F120019,,
C1F120020,,
C1F120021,,
C1F120022,,
C1F120024,,
C1F120025,,
C1F120027,,
C1F120028,,
C1F120029,,
C1F120030,,
C1F120032,,
C1F120033,,
C1F120034,,
C1F120035,,
C1F120036,,
C1F120037,,
C1F120038,,
C1F120039,,
C1F120040,,
C1F120041,,
C1F120042,,
C1F120043,,
C1F120044,,
C1F120045,,
C1F120046,,
C1F120047,,
C1F120048,,
C1F120049,,
C1F120050,,
C1F120051,,
C1F120052,,
C1F120053,,
C1F120054,,
C1F120055,,
C1F120056,,
C1F120057,,
C1F120058,,
C1F120059,,
C1F120060,,
C1F120061,,
C1F120062,,
C1F120063,,
C1F120064,,
C1F120065,,
C1F120066,,
C1F120067,,
C1F120068,,
C1F120069,,
C1F120070,,
C1F120071,,
C1F120072,,
C1F120073,,
C1F120074,,
C1F120075,,
C1F120076,,
C1F120077,,
C1F120078,,
C1F120079,,
C1F120080,,
C1F120081,,
C1F120082,,
C1F120083,,
C1F120084,,
C1F120085,,
C1F120086,,
C1F120087,,
C1F120088,,
C1F120089,,
C1F120090,,
C1F120091,,
C1F120092,,
C1F120093,,
C1F120094,,
C1F120096,,
C1F120097,,
C1F120098,,
C1F120099,,
C1F120100,,
C1F120101,,
C1F120102,,
C1F120103,,
C1F120104,,
C1F120105,,
C1F120106,,
C1F120107,,
C1F120108,,
C1F120109,,
C1F120110,,
C1F120111,,
C1A113131,,
C1A114014,,
C1A114073,,
C1A114408,,
C1A114409,,
C1A114410,,
C1A114411,,
C1A114412,,
C1A115100,,
C1A115109,,
C1A115133,,
C1A115241,,
C1A115246,,
C1A115247,,
S1A116003,,
S1A116010,,
S1A116022,,
S1A116035,,
S1A116036,,
S1A116040,,
S1A116047,,
S1A116064,,
S1A116065,,
S1A116077,,
S1A116080,,
S1A116087,,
S1A116090,,
S1A116101,,
S1A116116,,
S1A116119,,
S1A116137,,
S1A116138,,
S1A116158,,
S1A116167,,
S1A116170,,
S1A116186,,
S1A116216,,
S1A116230,,
S1A116235,,
S1A116250,,
S1A116257,,
S1A116272,,
S1A116285,,
S1A116287,,
S1A116289,,
S1A116307,,
S1A116312,,
S1A116328,,
S1A116337,,
S1A116347,,
S1A116354,,
S1A116362,,
S1A117001,,
S1A117003,,
S1A117004,,
S1A117005,,
S1A117008,,
S1A117009,,
S1A117010,,
S1A117011,,
S1A117012,,
S1A117013,,
S1A117015,,
S1A117017,,
S1A117018,,
S1A117020,,
S1A117021,,
S1A117022,,
S1A117023,,
S1A117024,,
S1A117025,,
S1A117026,,
S1A117028,,
S1A117029,,
S1A117030,,
S1A117031,,
S1A117033,,
S1A117036,,
S1A117037,,
S1A117039,,
S1A117040,,
S1A117042,,
S1A117043,,
S1A117044,,
S1A117046,,
S1A117048,,
S1A117049,,
S1A117050,,
S1A117051,,
S1A117053,,
S1A117054,,
S1A117055,,
S1A117056,,
S1A117057,,
S1A117058,,
S1A117059,,
S1A117061,,
S1A117062,,
S1A117063,,
S1A117064,,
S1A117066,,
S1A117067,,
S1A117069,,
S1A117070,,
S1A117071,,
S1A117072,,
S1A117073,,
S1A117074,,
S1A117075,,
S1A117079,,
S1A117080,,
S1A117081,,
S1A117082,,
S1A117083,,
S1A117084,,
S1A117085,,
S1A117086,,
S1A117087,,
S1A117088,,
S1A117089,,
S1A117090,,
S1A117091,,
S1A117092,,
S1A117093,,
S1A117094,,
S1A117095,,
S1A117103,,
S1A117104,,
S1A117106,,
S1A117107,,
S1A117108,,
S1A117110,,
S1A117111,,
S1A117112,,
S1A117113,,
S1A117114,,
S1A117116,,
S1A117118,,
S1A117119,,
S1A117120,,
S1A117122,,
S1A117123,,
S1A117124,,
S1A117125,,
S1A117126,,
S1A117129,,
S1A117130,,
S1A117131,,
S1A117133,,
S1A117134,,
S1A117135,,
S1A117136,,
S1A117138,,
S1A117139,,
S1A117140,,
S1A117142,,
S1A117143,,
S1A117144,,
S1A117145,,
S1A117146,,
S1A117147,,
S1A117148,,
S1A117149,,
S1A117151,,
S1A117152,,
S1A117153,,
S1A117154,,
S1A117155,,
S1A117156,,
S1A117157,,
S1A117158,,
S1A117159,,
S1A117160,,
S1A117162,,
S1A117163,,
S1A117165,,
S1A117170,,
S1A117171,,
S1A117172,,
S1A117173,,
S1A117174,,
S1A117175,,
S1A117176,,
S1A117177,,
S1A117178,,
S1A117179,,
S1A117181,,
S1A117182,,
S1A117183,,
S1A117184,,
S1A117185,,
S1A117186,,
S1A117187,,
S1A117189,,
S1A117192,,
S1A117193,,
S1A117197,,
S1A117198,,
S1A117200,,
S1A117201,,
S1A117202,,
S1A117203,,
S1A117204,,
S1A117205,,
S1A117206,,
S1A117207,,
S1A117208,,
S1A117209,,
S1A117210,,
S1A117211,,
S1A117212,,
S1A117213,,
S1A117214,,
S1A117216,,
S1A117217,,
S1A117219,,
S1A117220,,
S1A117221,,
S1A117222,,
S1A117223,,
S1A117224,,
S1A117225,,
S1A117229,,
S1A117230,,
S1A117231,,
S1A117232,,
S1A117234,,
S1A117236,,
S1A117237,,
S1A117238,,
S1A117239,,
S1A117240,,
S1A117241,,
S1A117242,,
S1A117243,,
S1A117244,,
S1A117245,,
S1A117246,,
S1A117247,,
S1A117248,,
S1A117250,,
S1A117251,,
S1A117253,,
S1A117254,,
S1A117255,,
S1A117256,,
S1A117257,,
S1A117258,,
S1A117259,,
S1A117260,,
S1A117262,,
S1A117263,,
S1A117264,,
S1A117265,,
S1A117267,,
S1A117268,,
S1A117269,,
S1A117270,,
S1A117271,,
S1A117272,,
S1A117273,,
S1A117275,,
S1A117276,,
S1A117277,,
S1A117278,,
S1A117280,,
S1A117281,,
S1A117282,,
S1A117283,,
S1A117284,,
S1A117285,,
S1A117286,,
S1A117287,,
S1A117288,,
S1A117289,,
S1A117290,,
S1A117291,,
S1A117293,,
S1A117294,,
S1A117295,,
S1A117296,,
S1A117297,,
S1A117298,,
S1A117299,,
S1A117300,,
S1A117301,,
S1A117302,,
S1A117303,,
S1A117304,,
S1A117305,,
S1A117306,,
S1A117307,,
S1A117308,,
S1A117309,,
S1A117311,,
S1A117314,,
S1A117315,,
S1A117317,,
S1A117318,,
S1A117319,,
S1A117320,,
S1A117321,,
S1A117322,,
S1A117323,,
S1A117324,,
S1A117325,,
S1A117326,,
S1A117328,,
S1A117329,,
S1A117330,,
S1A117331,,
S1A117332,,
S1A117333,,
S1A117334,,
S1A117335,,
S1A117336,,
S1A117337,,
S1A117338,,
S1A117339,,
S1A117343,,
S1A117344,,
S1A117345,,
S1A117346,,
S1A117347,,
S1A117348,,
S1A117349,,
S1A117351,,
S1A117352,,
S1A117353,,
S1A117354,,
S1A117355,,
S1A117356,,
S1A117358,,
S1A117359,,
S1A117361,,
S1A117362,,
S1A117363,,
S1A118001,,
S1A118002,,
S1A118003,,
S1A118004,,
S1A118005,,
S1A118006,,
S1A118007,,
S1A118008,,
S1A118009,,
S1A118010,,
S1A118011,,
S1A118012,,
S1A118013,,
S1A118015,,
S1A118016,,
S1A118018,,
S1A118019,,
S1A118020,,
S1A118022,,
S1A118023,,
S1A118024,,
S1A118025,,
S1A118026,,
S1A118028,,
S1A118029,,
S1A118030,,
S1A118031,,
S1A118032,,
S1A118033,,
S1A118034,,
S1A118035,,
S1A118036,,
S1A118037,,
S1A118038,,
S1A118039,,
S1A118040,,
S1A118041,,
S1A118042,,
S1A118043,,
S1A118045,,
S1A118046,,
S1A118047,,
S1A118048,,
S1A118049,,
S1A118050,,
S1A118051,,
S1A118053,,
S1A118054,,
S1A118055,,
S1A118056,,
S1A118057,,
S1A118058,,
S1A118059,,
S1A118060,,
S1A118061,,
S1A118062,,
S1A118063,,
S1A118064,,
S1A118065,,
S1A118066,,
S1A118067,,
S1A118068,,
S1A118069,,
S1A118070,,
S1A118072,,
S1A118073,,
S1A118074,,
S1A118075,,
S1A118076,,
S1A118077,,
S1A118078,,
S1A118079,,
S1A118080,,
S1A118081,,
S1A118082,,
S1A118083,,
S1A118085,,
S1A118086,,
S1A118087,,
S1A118088,,
S1A118090,,
S1A118091,,
S1A118092,,
S1A118093,,
S1A118094,,
S1A118095,,
S1A118096,,
S1A118097,,
S1A118098,,
S1A118099,,
S1A118100,,
S1A118101,,
S1A118102,,
S1A118103,,
S1A118104,,
S1A118106,,
S1A118107,,
S1A118108,,
S1A118109,,
S1A118110,,
S1A118111,,
S1A118112,,
S1A118113,,
S1A118114,,
S1A118115,,
S1A118116,,
S1A118117,,
S1A118118,,
S1A118119,,
S1A118120,,
S1A118121,,
S1A118122,,
S1A118123,,
S1A118124,,
S1A118125,,
S1A118126,,
S1A118127,,
S1A118128,,
S1A118129,,
S1A118130,,
S1A118131,,
S1A118132,,
S1A118133,,
S1A118134,,
S1A118136,,
S1A118137,,
S1A118139,,
S1A118140,,
S1A118141,,
S1A118143,,
S1A118144,,
S1A118145,,
S1A118146,,
S1A118147,,
S1A118148,,
S1A118149,,
S1A118150,,
S1A118151,,
S1A118152,,
S1A118153,,
S1A118154,,
S1A118155,,
S1A118156,,
S1A118157,,
S1A118158,,
S1A118159,,
S1A118161,,
S1A118162,,
S1A118165,,
S1A118166,,
S1A118168,,
S1A118169,,
S1A118170,,
S1A118171,,
S1A118172,,
S1A118173,,
S1A118174,,
S1A118175,,
S1A118176,,
S1A118177,,
S1A118178,,
S1A118179,,
S1A118180,,
S1A118181,,
S1A118182,,
S1A118183,,
S1A118184,,
S1A118185,,
S1A118186,,
S1A118187,,
S1A118188,,
S1A118189,,
S1A118190,,
S1A118191,,
S1A118192,,
S1A118193,,
S1A118194,,
S1A118195,,
S1A118196,,
S1A118197,,
S1A118198,,
S1A118199,,
S1A118200,,
S1A118201,,
S1A118202,,
S1A118203,,
S1A118204,,
S1A118205,,
S1A118206,,
S1A118207,,
S1A118208,,
S1A118209,,
S1A118210,,
S1A118211,,
S1A118213,,
S1A118214,,
S1A118215,,
S1A118216,,
S1A118217,,
S1A118218,,
S1A118219,,
S1A118220,,
S1A118221,,
S1A118223,,
S1A118224,,
S1A118225,,
S1A118226,,
S1A118227,,
S1A118228,,
S1A118229,,
S1A118230,,
S1A118231,,
S1A118232,,
S1A118233,,
S1A118234,,
S1A118235,,
S1A118236,,
S1A118237,,
S1A118238,,
S1A118239,,
S1A118240,,
S1A118241,,
S1A118242,,
S1A118243,,
S1A118244,,
S1A118245,,
S1A118246,,
S1A118247,,
S1A118248,,
S1A118249,,
S1A118250,,
S1A118252,,
S1A118253,,
S1A118254,,
S1A118256,,
S1A118257,,
S1A118258,,
S1A118259,,
S1A118260,,
S1A118261,,
S1A118262,,
S1A118263,,
S1A118264,,
S1A118266,,
S1A118268,,
S1A118269,,
S1A118270,,
S1A118272,,
S1A118274,,
S1A118275,,
S1A118276,,
S1A118278,,
S1A118279,,
S1A118280,,
S1A118281,,
S1A118282,,
S1A118283,,
S1A118284,,
S1A118286,,
S1A118287,,
S1A118288,,
S1A118289,,
S1A118290,,
S1A118291,,
S1A118292,,
S1A118293,,
S1A118295,,
S1A118296,,
S1A118297,,
S1A118298,,
S1A118299,,
S1A118300,,
S1A118302,,
S1A118303,,
S1A118304,,
S1A118306,,
S1A118309,,
S1A118310,,
S1A118311,,
S1A118312,,
S1A118313,,
S1A118314,,
S1A118315,,
S1A118316,,
S1A118317,,
S1A118318,,
S1A118319,,
S1A118321,,
S1A118322,,
S1A118323,,
S1A118324,,
S1A118325,,
S1A118326,,
S1A118327,,
S1A118328,,
S1A118330,,
S1A118331,,
S1A118332,,
S1A118333,,
S1A118334,,
S1A118335,,
S1A118336,,
S1A118337,,
S1A118338,,
S1A118339,,
S1A118340,,
S1A118342,,
S1A118343,,
S1A118344,,
S1A118345,,
S1A118346,,
S1A118347,,
S1A118348,,
S1A118350,,
S1A118351,,
S1A118354,,
S1A118357,,
S1A118358,,
S1A118359,,
S1A118360,,
S1A118361,,
S1A118363,,
S1A118364,,
S1A118365,,
S1A118366,,
S1A119001,,
S1A119002,,
S1A119003,,
S1A119004,,
S1A119005,,
S1A119006,,
S1A119007,,
S1A119008,,
S1A119009,,
S1A119010,,
S1A119011,,
S1A119012,,
S1A119013,,
S1A119014,,
S1A119015,,
S1A119016,,
S1A119018,,
S1A119019,,
S1A119020,,
S1A119021,,
S1A119022,,
S1A119023,,
S1A119024,,
S1A119025,,
S1A119028,,
S1A119029,,
S1A119030,,
S1A119031,,
S1A119032,,
S1A119033,,
S1A119034,,
S1A119035,,
S1A119036,,
S1A119039,,
S1A119040,,
S1A119041,,
S1A119042,,
S1A119043,,
S1A119044,,
S1A119045,,
S1A119046,,
S1A119047,,
S1A119048,,
S1A119049,,
S1A119050,,
S1A119051,,
S1A119053,,
S1A119054,,
S1A119055,,
S1A119056,,
S1A119057,,
S1A119058,,
S1A119059,,
S1A119060,,
S1A119061,,
S1A119062,,
S1A119063,,
S1A119064,,
S1A119065,,
S1A119066,,
S1A119067,,
S1A119068,,
S1A119069,,
S1A119070,,
S1A119071,,
S1A119072,,
S1A119073,,
S1A119074,,
S1A119075,,
S1A119076,,
S1A119077,,
S1A119078,,
S1A119079,,
S1A119080,,
S1A119081,,
S1A119082,,
S1A119083,,
S1A119084,,
S1A119085,,
S1A119086,,
S1A119087,,
S1A119088,,
S1A119089,,
S1A119090,,
S1A119091,,
S1A119092,,
S1A119093,,
S1A119094,,
S1A119095,,
S1A119096,,
S1A119097,,
S1A119098,,
S1A119100,,
S1A119101,,
S1A119102,,
S1A119104,,
S1A119105,,
S1A119106,,
S1A119107,,
S1A119108,,
S1A119111,,
S1A119112,,
S1A119113,,
S1A119114,,
S1A119115,,
S1A119117,,
S1A119118,,
S1A119119,,
S1A119120,,
S1A119121,,
S1A119122,,
S1A119123,,
S1A119124,,
S1A119125,,
S1A119126,,
S1A119127,,
S1A119128,,
S1A119129,,
S1A119130,,
S1A119131,,
S1A119132,,
S1A119133,,
S1A119134,,
S1A119135,,
S1A119136,,
S1A119138,,
S1A119139,,
S1A119141,,
S1A119142,,
S1A119143,,
S1A119144,,
S1A119145,,
S1A119146,,
S1A119147,,
S1A119148,,
S1A119149,,
S1A119150,,
S1A119151,,
S1A119152,,
S1A119154,,
S1A119155,,
S1A119156,,
S1A119157,,
S1A119158,,
S1A119159,,
S1A119160,,
S1A119161,,
S1A119163,,
S1A119164,,
S1A119165,,
S1A119166,,
S1A119167,,
S1A119168,,
S1A119169,,
S1A119170,,
S1A119172,,
S1A119174,,
S1A119176,,
S1A119177,,
S1A119178,,
S1A119180,,
S1A119181,,
S1A119182,,
S1A119183,,
S1A119184,,
S1A119185,,
S1A119187,,
S1A119188,,
S1A119189,,
S1A119190,,
S1A119191,,
S1A119192,,
S1A119193,,
S1A119194,,
S1A119195,,
S1A119196,,
S1A119197,,
S1A119198,,
S1A119199,,
S1A119200,,
S1A119202,,
S1A119203,,
S1A119204,,
S1A119205,,
S1A119206,,
S1A119207,,
S1A119208,,
S1A119209,,
S1A119210,,
S1A119211,,
S1A119212,,
S1A119213,,
S1A119214,,
S1A119215,,
S1A119216,,
S1A119217,,
S1A119218,,
S1A119219,,
S1A119220,,
S1A119221,,
S1A119222,,
S1A119223,,
S1A119224,,
S1A119225,,
S1A119226,,
S1A119227,,
S1A119228,,
S1A119229,,
S1A119230,,
S1A119231,,
S1A119232,,
S1A119233,,
S1A119234,,
S1A119235,,
S1A119236,,
S1A119237,,
S1A119238,,
S1A119239,,
S1A119240,,
S1A119241,,
S1A119242,,
S1A119243,,
S1A119245,,
S1A120001,,
S1A120002,,
S1A120003,,
S1A120004,,
S1A120005,,
S1A120006,,
S1A120008,,
S1A120009,,
S1A120010,,
S1A120011,,
S1A120012,,
S1A120014,,
S1A120015,,
S1A120016,,
S1A120017,,
S1A120018,,
S1A120019,,
S1A120020,,
S1A120021,,
S1A120022,,
S1A120023,,
S1A120024,,
S1A120025,,
S1A120026,,
S1A120027,,
S1A120028,,
S1A120029,,
S1A120030,,
S1A120031,,
S1A120032,,
S1A120033,,
S1A120034,,
S1A120035,,
S1A120036,,
S1A120037,,
S1A120038,,
S1A120040,,
S1A120041,,
S1A120042,,
S1A120043,,
S1A120044,,
S1A120045,,
S1A120046,,
S1A120047,,
S1A120048,,
S1A120049,,
S1A120050,,
S1A120051,,
S1A120052,,
S1A120053,,
S1A120054,,
S1A120055,,
S1A120056,,
S1A120057,,
S1A120058,,
S1A120059,,
S1A120060,,
S1A120061,,
S1A120062,,
S1A120063,,
S1A120064,,
S1A120065,,
S1A120066,,
S1A120067,,
S1A120068,,
S1A120069,,
S1A120071,,
S1A120072,,
S1A120073,,
S1A120074,,
S1A120075,,
S1A120076,,
S1A120077,,
S1A120078,,
S1A120079,,
S1A120080,,
S1A120081,,
S1A120083,,
S1A120084,,
S1A120085,,
S1A120086,,
S1A120087,,
S1A120088,,
S1A120089,,
S1A120090,,
S1A120091,,
S1A120092,,
S1A120094,,
S1A120095,,
S1A120096,,
S1A120097,,
S1A120098,,
S1A120099,,
S1A120100,,
S1A120101,,
S1A120102,,
S1A120103,,
S1A120104,,
S1A120105,,
S1A120106,,
S1A120107,,
S1A120108,,
S1A120109,,
S1A120110,,
S1A120112,,
S1A120113,,
S1A120114,,
S1A120115,,
S1A120116,,
S1A120117,,
S1A120118,,
S1A120119,,
S1A120120,,
S1A120121,,
S1A120122,,
S1A120123,,
S1A120124,,
S1A120125,,
S1A120126,,
S1A120128,,
S1A120129,,
S1A120130,,
S1A120131,,
S1A120132,,
S1A120133,,
S1A120134,,
S1A120135,,
S1A120136,,
S1A120137,,
S1A120138,,
S1A120139,,
S1A120140,,
S1A120141,,
S1A120142,,
S1A120143,,
S1A120144,,
S1A120145,,
S1A120146,,
S1A120147,,
S1A120148,,
S1A120149,,
S1A120150,,
S1A120151,,
S1A120152,,
S1A120153,,
S1A120154,,
S1A120155,,
S1A120156,,
S1A120157,,
S1A120158,,
S1A120159,,
S1A120160,,
S1A120161,,
S1A120162,,
S1A120163,,
S1A120164,,
S1A120165,,
S1A120166,,
S1A120167,,
S1A120168,,
S1A120169,,
S1A120170,,
S1A120171,,
C1A117001,,
C1A117002,,
C1A117003,,
C1A117004,,
C1A117005,,
C1A117006,,
C1A117007,,
C1A117008,,
C1A117009,,
C1A117010,,
C1A117011,,
C1A117012,,
C1A117014,,
C1A117015,,
C1A117016,,
C1A117017,,
C1A117018,,
C1A117019,,
C1A117020,,
C1A117022,,
C1A117024,,
C1A117025,,
C1A117026,,
C1A117027,,
C1A117028,,
C1A117031,,
C1A117033,,
C1A117034,,
C1A117035,,
C1A117036,,
C1A117038,,
C1A117040,,
C1A117041,,
C1A117043,,
C1A117044,,
C1A117045,,
C1A117046,,
C1A117047,,
C1A117048,,
C1A117049,,
C1A117051,,
C1A117052,,
C1A117053,,
C1A117059,,
C1A117060,,
C1A117061,,
C1A117063,,
C1A117064,,
C1A117065,,
C1A117067,,
C1A117069,,
C1A117070,,
C1A117071,,
C1A117072,,
C1A117073,,
C1A117074,,
C1A117076,,
C1A117077,,
C1A117078,,
C1A117079,,
C1A117080,,
C1A117081,,
C1A117082,,
C1A117083,,
C1A117084,,
C1A117085,,
C1A117086,,
C1A117087,,
C1A117090,,
C1A117091,,
C1A117092,,
C1A117093,,
C1A117094,,
C1A117095,,
C1A117096,,
C1A117097,,
C1A117098,,
C1A117099,,
C1A117101,,
C1A117102,,
C1A117103,,
C1A117104,,
C1A117105,,
C1A117107,,
C1B113017,,
C1B113025,,
C1B113056,,
C1B113058,,
C1B113079,,
C1B113085,,
C1B113086,,
C1B114018,,
C1B114034,,
C1B114040,,
C1B114049,,
C1B114076,,
C1B114113,,
C1B114119,,
C1B114125,,
C1B114126,,
C1B114128,,
C1B114130,,
C1B115001,,
C1B115010,,
C1B115016,,
C1B115017,,
C1B115020,,
C1B115028,,
C1B115033,,
C1B115041,,
C1B115049,,
C1B115065,,
C1B115076,,
C1B115077,,
C1B115084,,
C1B115096,,
C1B115103,,
C1B115108,,
C1B115113,,
C1B115119,,
C1B115136,,
C1B115141,,
C1B115143,,
C1B115165,,
C1B115167,,
C1B115168,,
C1B115171,,
C1B115184,,
C1B115198,,
C1B115222,,
C1B115245,,
C1B115259,,
C1B115265,,
C1B115273,,
C1B116008,,
C1B116010,,
C1B116015,,
C1B116018,,
C1B116022,,
C1B116023,,
C1B116027,,
C1B116029,,
C1B116036,,
C1B116037,,
C1B116039,,
C1B116042,,
C1B116044,,
C1B116050,,
C1B116052,,
C1B116056,,
C1B116057,,
C1B116059,,
C1B116072,,
C1B116073,,
C1B116074,,
C1B116077,,
C1B116078,,
C1B116087,,
C1B116089,,
C1B116092,,
C1B116097,,
C1B116098,,
C1B116100,,
C1B116101,,
C1B116104,,
C1B116105,,
C1B116106,,
C1B116109,,
C1B116115,,
C1B116116,,
C1B116117,,
C1B116120,,
C1B116127,,
C1B116130,,
C1B116136,,
C1B116137,,
C1B116139,,
C1B116154,,
C1B116156,,
C1B116157,,
C1B116158,,
C1B116159,,
C1B116162,,
C1B116164,,
C1B116167,,
C1B116168,,
C1B116170,,
C1B116171,,
C1B116173,,
C1B116174,,
C1B116175,,
C1B116176,,
C1B116178,,
C1B116180,,
C1B116184,,
C1B116186,,
C1B116188,,
C1B116189,,
C1B116190,,
C1B116191,,
C1B116193,,
C1B116194,,
C1B116198,,
C1B116199,,
C1B116200,,
C1B116202,,
C1B116203,,
C1B116204,,
C1B116205,,
C1B116206,,
C1B116209,,
C1B116212,,
C1B116214,,
C1B116217,,
C1B116221,,
C1B116222,,
C1B116224,,
C1B118001,,
C1B118002,,
C1B118004,,
C1B118005,,
C1B118006,,
C1B118008,,
C1B118009,,
C1B118010,,
C1B118011,,
C1B118012,,
C1B118013,,
C1B118016,,
C1B118017,,
C1B118018,,
C1B118019,,
C1B118020,,
C1B118021,,
C1B118022,,
C1B118023,,
C1B118024,,
C1B118025,,
C1B118026,,
C1B118027,,
C1B118028,,
C1B118029,,
C1B118030,,
C1B118032,,
C1B118033,,
C1B118034,,
C1B118035,,
C1B118036,,
C1B118038,,
C1B118039,,
C1B118040,,
C1B118041,,
C1B118042,,
C1B118043,,
C1B118044,,
C1B118045,,
C1B118046,,
C1B118047,,
C1B118048,,
C1B118049,,
C1B118050,,
C1B118051,,
C1B118052,,
C1B118053,,
C1B118054,,
C1B118055,,
C1B118056,,
C1B118057,,
C1B118058,,
C1B118059,,
C1B118060,,
C1B118061,,
C1B118062,,
C1B118063,,
C1B118064,,
C1B118065,,
C1B118066,,
C1B118067,,
C1B118068,,
C1B118070,,
C1B118071,,
C1B118072,,
C1B118073,,
C1B118074,,
C1B118075,,
C1B118076,,
C1B118077,,
C1B118078,,
C1B118083,,
C1B118085,,
C1B118087,,
C1B118088,,
C1B118089,,
C1B118090,,
C1B118091,,
C1B118093,,
C1B118094,,
C1B118095,,
C1B118096,,
C1B118097,,
C1B118098,,
C1B118100,,
C1B118101,,
C1B118102,,
C1B118104,,
C1B118105,,
C1B118107,,
C1B118109,,
C1B118110,,
C1B118111,,
C1B118112,,
C1B118113,,
C1B118115,,
C1B118116,,
C1B118118,,
C1B118121,,
C1B118122,,
C1B118123,,
C1B118125,,
C1B118126,,
C1B118127,,
C1B118128,,
C1B118129,,
C1B119001,,
C1B119002,,
C1B119004,,
C1B119005,,
C1B119006,,
C1B119007,,
C1B119008,,
C1B119009,,
C1B119010,,
C1B119011,,
C1B119013,,
C1B119015,,
C1B119016,,
C1B119017,,
C1B119018,,
C1B119019,,
C1B119020,,
C1B119021,,
C1B119023,,
C1B119024,,
C1B119025,,
C1B119026,,
C1B119027,,
C1B119028,,
C1B119029,,
C1B119030,,
C1B119031,,
C1B119032,,
C1B119033,,
C1B119034,,
C1B119037,,
C1B119038,,
C1B119039,,
C1B119040,,
C1B119041,,
C1B119042,,
C1B119043,,
C1B119044,,
C1B119046,,
C1B119047,,
C1B119048,,
C1B119049,,
C1B119050,,
C1B119051,,
C1B119054,,
C1B119055,,
C1B119056,,
C1B119057,,
C1B119058,,
C1B119059,,
C1B119060,,
C1B119061,,
C1B119062,,
C1B119063,,
C1B119064,,
C1B119065,,
C1B119066,,
C1B119067,,
C1B119069,,
C1B119070,,
C1B119071,,
C1B119073,,
C1B119074,,
C1B119075,,
C1B119076,,
C1B119077,,
C1B119078,,
C1B119080,,
C1B119081,,
C1B119082,,
C1B119083,,
C1B119084,,
C1B119085,,
C1B119086,,
C1B119087,,
C1B119088,,
C1B119089,,
C1B119090,,
C1B119091,,
C1B119092,,
C1B119094,,
C1B119095,,
C1B119096,,
C1B119098,,
C1B119099,,
C1B119101,,
C1B119102,,
C1B119103,,
C1B119104,,
C1B119105,,
C1B119106,,
C1B119107,,
C1B119108,,
C1B119109,,
C1B119110,,
C1B119111,,
C1B119112,,
C1B119113,,
C1B119114,,
C1B119115,,
C1B119116,,
C1B119117,,
C1B119118,,
C1B119119,,
C1B119120,,
C1B120001,,
C1B120002,,
C1B120003,,
C1B120004,,
C1B120005,,
C1B120006,,
C1B120007,,
C1B120008,,
C1B120009,,
C1B120010,,
C1B120011,,
C1B120012,,
C1B120013,,
C1B120014,,
C1B120015,,
C1B120016,,
C1B120017,,
C1B120018,,
C1B120019,,
C1B120020,,
C1B120021,,
C1B120022,,
C1B120023,,
C1B120024,,
C1B120025,,
C1B120026,,
C1B120027,,
C1B120028,,
C1B120029,,
C1B120030,,
C1B120031,,
C1B120032,,
C1B120033,,
C1B120034,,
C1B120035,,
C1B120036,,
C1B120037,,
C1B120038,,
C1B120039,,
C1B120040,,
C1B120041,,
C1B120042,,
C1B120043,,
C1B120044,,
C1B120045,,
C1B120046,,
C1B120047,,
C1B120048,,
C1B120049,,
C1B120050,,
C1B120051,,
C1B120052,,
C1B120053,,
C1B120054,,
C1B120055,,
C1B120056,,
C1B120057,,
C1B120058,,
C1B120059,,
C1B120060,,
C1B120061,,
C1B120062,,
C1B120063,,
C1B120064,,
C1B120065,,
C1B120066,,
C1B120067,,
C1B120068,,
C1B120069,,
C1B120070,,
C1B120071,,
C1B120072,,
C1B120073,,
C1B120074,,
C1B120075,,
C1B120076,,
C1B120077,,
C1B120078,,
C1B120079,,
C1B120080,,
C1B120081,,
C1B120082,,
C1B120083,,
C1B120084,,
C1B120085,,
C1B120086,,
C1B120087,,
C1B120088,,
C1B120089,,
C1B120090,,
C1B120091,,
C1B120092,,
C1B120093,,
C1B120094,,
C1B120095,,
C1B120096,,
C1B120097,,
C1B120098,,
C1B120099,,
C1B120100,,
C1B120101,,
C1B120102,,
C1B120103,,
C1B120104,,
C1B120105,,
C1B120106,,
C1B120107,,
C1B120108,,
C1B120109,,
C1B120110,,
C1B120111,,
C1B120112,,
C1B120113,,
C1B120114,,
C1B120115,,
C1B120116,,
C1B120117,,
C1B120118,,
C1B120119,,
C1B120120,,
C1B120121,,
C1B120122,,
C1B120123,,
C1B120124,,
C1B120125,,
C1B120126,,
C1B120127,,
C1B120128,,
C1B120129,,
C1B120130,,
C1B120131,,
C1B120132,,
C1B120133,,
C1B120134,,
C1B120135,,
C1B120136,,
C1B120137,,
C1B120138,,
C1B120139,,
C1B120140,,
C1B120141,,
C1B120142,,
C1B120143,,
C1B120144,,
C1A615001,,
C1A615006,,
C1A615028,,
C1A615033,,
C1A615037,,
C1A615042,,
C1A615051,,
C1A615052,,
C1A615070,,
C1A615073,,
C1A615078,,
C1A615079,,
C1A615080,,
C1A615095,,
C1A615099,,
C1A615106,,
C1A615107,,
C1A114193,,
C1D716004,,
C1D716007,,
C1D716010,,
C1D716012,,
C1D716014,,
C1D716018,,
C1D716019,,
C1D716021,,
C1D716022,,
C1D716023,,
C1D716024,,
C1D716025,,
C1D716030,,
C1D716033,,
C1D716034,,
C1D716035,,
C1D716036,,
C1D716037,,
C1D716039,,
C1D716040,,
C1D716042,,
C1D716043,,
C1D716045,,
C1D716046,,
C1D716050,,
C1D716051,,
C1D716052,,
C1D716055,,
C1D716057,,
C1D716058,,
C1D716064,,
C1D716068,,
C1D716070,,
C1D716071,,
C1D716077,,
C1D716080,,
C1D716089,,
C1D716092,,
C1D716098,,
C1E117001,,
C1E117002,,
C1E117003,,
C1E117004,,
C1E117005,,
C1E117006,,
C1E117007,,
C1E117008,,
C1E117009,,
C1E117011,,
C1E117012,,
C1E117013,,
C1E117014,,
C1E117015,,
C1E117017,,
C1E117018,,
C1E117019,,
C1E117021,,
C1E117022,,
C1E117023,,
C1E117024,,
C1E117025,,
C1E117026,,
C1E117029,,
C1E117031,,
C1E117032,,
C1E117035,,
C1E117036,,
C1E117039,,
C1E117040,,
C1E117042,,
C1E117043,,
C1E117044,,
C1E117048,,
C1E117049,,
C1E117055,,
C1E117056,,
C1E117057,,
C1E117058,,
C1E117059,,
C1E117060,,
C1E117061,,
C1E117062,,
C1E117063,,
C1E117064,,
C1E117065,,
C1E117066,,
C1E117068,,
C1E117070,,
C1E117071,,
C1E117072,,
C1E117073,,
C1E117074,,
C1E117076,,
C1E117077,,
C1E117078,,
C1E117079,,
C1E117080,,
C1E117081,,
C1E117082,,
C1E117084,,
C1E117085,,
C1E117086,,
C1E117087,,
C1E117089,,
C1E117090,,
C1E117092,,
C1E117094,,
C1E117095,,
C1E117097,,
C1E117098,,
C1E117100,,
C1E117101,,
C1E117102,,
C1E117103,,
C1E117104,,
C1E117105,,
C1E117106,,
C1E117107,,
C1E117110,,
C1E117111,,
C1E118002,,
C1E118003,,
C1E118004,,
C1E118005,,
C1E118007,,
C1E118008,,
C1E118011,,
C1E118015,,
C1E118016,,
C1E118017,,
C1E118018,,
C1E118019,,
C1E118020,,
C1E118021,,
C1E118022,,
C1E118023,,
C1E118024,,
C1E118025,,
C1E118026,,
C1E118027,,
C1E118028,,
C1E118030,,
C1E118031,,
C1E118032,,
C1E118033,,
C1E118034,,
C1E118035,,
C1E118036,,
C1E118037,,
C1E118038,,
C1E118039,,
C1E118040,,
C1E118041,,
C1E118042,,
C1E118045,,
C1E118046,,
C1E118047,,
C1E118048,,
C1E118049,,
C1E118050,,
C1E118051,,
C1E118052,,
C1E118053,,
C1E118054,,
C1E118055,,
C1E118056,,
C1E118057,,
C1E118058,,
C1E118059,,
C1E118060,,
C1E118061,,
C1E118063,,
C1E118064,,
C1E118065,,
C1E118066,,
C1E118068,,
C1E118069,,
C1E118070,,
C1E118071,,
C1E118072,,
C1E118073,,
C1E118074,,
C1E118075,,
C1E118076,,
C1E118078,,
C1E118079,,
C1E118080,,
C1E118082,,
C1E118083,,
C1E118084,,
C1E118085,,
C1E118086,,
C1E118087,,
C1E118089,,
C1E118090,,
C1E118092,,
C1E118093,,
C1E118094,,
C1E118095,,
C1E118096,,
C1E118097,,
C1E118100,,
C1E118101,,
C1E118102,,
C1E118103,,
C1E118104,,
C1E118106,,
C1E118107,,
C1E118112,,
C1E118113,,
C1E118114,,
C1E118115,,
C1E118117,,
C1E118118,,
C1E118119,,
C1E118121,,
C1E118122,,
C1E118123,,
C1E118124,,
C1E118125,,
C1E119001,,
C1E119002,,
C1E119003,,
C1E119004,,
C1E119005,,
C1E119006,,
C1E119008,,
C1E119009,,
C1E119010,,
C1E119011,,
C1E119012,,
C1E119013,,
C1E119014,,
C1E119015,,
C1E119016,,
C1E119017,,
C1E119018,,
C1E119019,,
C1E119020,,
C1E119022,,
C1E119023,,
C1E119025,,
C1E119027,,
C1E119029,,
C1E119030,,
C1E119031,,
C1E119032,,
C1E119033,,
C1E119034,,
C1E119035,,
C1E119036,,
C1E119037,,
C1E119040,,
C1E119041,,
C1E119042,,
C1E119043,,
C1E119044,,
C1E119046,,
C1E119048,,
C1E119049,,
C1E119050,,
C1E119051,,
C1E119052,,
C1E119053,,
C1E119056,,
C1E119057,,
C1E119058,,
C1E119059,,
C1E119060,,
C1E119061,,
C1E119062,,
C1E119063,,
C1E119066,,
C1E119068,,
C1E119070,,
C1E119071,,
C1E119074,,
C1E119075,,
C1E119076,,
C1E119077,,
C1E119078,,
C1E119079,,
C1E119080,,
C1E119081,,
C1E119082,,
C1E119083,,
C1E119084,,
C1E119086,,
C1E119087,,
C1E119088,,
C1E119090,,
C1E119091,,
C1E119092,,
C1E119093,,
C1E119095,,
C1E119096,,
C1E119097,,
C1E119098,,
C1E119099,,
C1E119100,,
C1E119101,,
C1E119102,,
C1E119103,,
C1E119104,,
C1E119105,,
C1E119106,,
C1E119107,,
C1E119108,,
C1E119109,,
C1E119110,,
C1E119111,,
C1E119112,,
C1E119113,,
C1E119114,,
C1E119115,,
C1E119116,,
C1E119117,,
C1E119118,,
C1E119119,,
C1E119120,,
C1E119121,,
C1E119122,,
C1E120001,,
C1E120002,,
C1E120003,,
C1E120004,,
C1E120005,,
C1E120006,,
C1E120008,,
C1E120009,,
C1E120010,,
C1E120011,,
C1E120012,,
C1E120013,,
C1E120014,,
C1E120016,,
C1E120017,,
C1E120018,,
C1E120019,,
C1E120020,,
C1E120021,,
C1E120022,,
C1E120023,,
C1E120024,,
C1E120025,,
C1E120026,,
C1E120028,,
C1E120029,,
C1E120030,,
C1E120031,,
C1E120032,,
C1E120034,,
C1E120035,,
C1E120036,,
C1E120037,,
C1E120038,,
C1E120039,,
C1E120040,,
C1E120041,,
C1E120042,,
C1E120043,,
C1E120044,,
C1E120045,,
C1E120046,,
C1E120047,,
C1E120048,,
C1E120049,,
C1E120050,,
C1E120051,,
C1E120052,,
C1E120053,,
C1E120054,,
C1E120055,,
C1E120056,,
C1E120057,,
C1E120058,,
C1E120059,,
C1E120060,,
C1E120061,,
C1E120062,,
C1E120063,,
C1E120064,,
C1E120065,,
C1E120066,,
C1E120067,,
C1E120068,,
C1E120069,,
C1E120070,,
C1E120071,,
C1E120072,,
C1E120073,,
C1E120074,,
C1E120075,,
C1E120076,,
C1E120077,,
C1E120078,,
C1E120079,,
C1E120080,,
C1E120081,,
C1E120082,,
C1E120083,,
C1E120084,,
C1E120085,,
C1E120086,,
C1E120087,,
C1E120088,,
C1E120089,,
C1E120090,,
C1E120091,,
C1E120092,,
C1E120093,,
C1E120094,,
C1E120095,,
C1E120096,,
C1E120097,,
C1E120098,,
C1E120099,,
C1E120100,,
C1E120101,,
C1E120102,,
C1E120103,,
C1E120104,,
C1E120105,,
C1E120106,,
C1E120107,,
C1E120108,,
C1E120109,,
C1E120110,,
C1E120111,,
C1E120113,,
C1E120114,,
C1E120115,,
C1E120116,,
C1E120117,,
C1E120118,,
C1E120119,,
C1E120120,,
C1E120121,,
C1E120122,,
C1E120123,,
C1E120124,,
C1E120125,,
C1E120126,,
C1E120127,,
C1E120128,,
C1E120129,,
C1E120130,,
C1E120131,,
C1E120132,,
C1E120133,,
C1E120134,,
C1E120135,,
C1E120136,,
C1E120137,,
C1E120138,,
C1E120139,,
C1E120140,,
C1E120141,,
C1E120142,,
C1E120143,,
C1B117001,,
C1B117003,,
C1B117004,,
C1B117008,,
C1B117009,,
C1B117012,,
C1B117017,,
C1B117018,,
C1B117019,,
C1B117020,,
C1B117021,,
C1B117022,,
C1B117023,,
C1B117024,,
C1B117025,,
C1B117026,,
C1B117027,,
C1B117029,,
C1B117030,,
C1B117031,,
C1B117032,,
C1B117033,,
C1B117034,,
C1B117035,,
C1B117036,,
C1B117037,,
C1B117038,,
C1B117039,,
C1B117040,,
C1B117041,,
C1B117042,,
C1B117043,,
C1B117044,,
C1B117045,,
C1B117046,,
C1B117047,,
C1B117048,,
C1B117049,,
C1B117050,,
C1B117051,,
C1B117052,,
C1B117053,,
C1B117055,,
C1B117056,,
C1B117057,,
C1B117058,,
C1B117060,,
C1B117061,,
C1B117062,,
C1B117063,,
C1B117064,,
C1B117065,,
C1B117066,,
C1B117067,,
C1B117069,,
C1B117070,,
C1B117073,,
C1B117074,,
C1B117075,,
C1B117076,,
C1B117077,,
C1B117078,,
C1B117079,,
C1B117081,,
C1B117082,,
C1B117083,,
C1B117084,,
C1B117086,,
C1B117087,,
C1B117088,,
C1B117089,,
C1B117090,,
C1B117092,,
C1B117093,,
C1B117095,,
C1B117096,,
C1B117097,,
C1B117099,,
C1B117100,,
C1B117101,,
C1B117102,,
C1B117103,,
C1B117104,,
C1B117105,,
C1B117106,,
C1B117107,,
C1B117108,,
C1B117109,,
C1B117112,,
C1B117114,,
C1B117115,,
C1B117116,,
C1B117117,,
C1B117118,,
C1B117119,,
C1B117120,,
C1B117121,,
C1B117122,,
C1B117124,,
C1B117125,,
C1B117126,,
C1B117127,,
C1B117128,,
C1B117129,,
C1B117130,,
C1B117132,,
C1B117134,,
C1B117135,,
C1B117136,,
C1B117137,,
C1B117139,,
C1B117141,,
C1B117144,,
C1B117145,,
C1B117146,,
C1B117162,,
C1B117164,,
C1B117166,,
C1B117167,,
C1B117168,,
C1B117169,,
C1B117170,,
C1B117172,,
C1B117177,,
C1B117178,,
C1B117179,,
C1B117181,,
C1B117182,,
C1B117186,,
C1B117187,,
C1B117188,,
C1B117193,,
C1B117196,,
C1B117197,,
C1B117198,,
C1B117202,,
C1B117203,,
C1B117205,,
C1B117208,,
C1B117210,,
C1B117214,,
C1B117215,,
C1B117216,,
C1B117217,,
C1B117218,,
C1B117221,,
C1B117225,,
C1B117226,,
C1B117227,,
C1B117228,,
C1B117230,,
C1B117231,,
C1B117232,,
C1B117233,,
C1B117234,,
C1B117235,,
C1B117236,,
C1B117237,,
C1B117238,,
C1B117239,,
C1B117240,,
C1B117241,,
C1B117242,,
C1B117243,,
C1B117244,,
C1B117245,,
C1B117247,,
C1B117248,,
C1B117249,,
C1B117250,,
C1B117251,,
C1B117252,,
C1B117253,,
C1B117255,,
C1B117256,,
C1B117257,,
C1B117258,,
C1B117259,,
C1B117260,,
C1B117262,,
C1B117263,,
C1B117264,,
C1B117265,,
C1B117266,,
C1B117267,,
C1B117268,,
C1B117269,,
C1B117270,,
C1B117271,,
C1B117272,,
C1B117273,,
C1B117274,,
C1B117275,,
C1B117276,,
C1B117277,,
C1B117278,,
C1B117279,,
C1B117282,,
C1B117283,,
C1B117284,,
C1B117285,,
C1B117286,,
C1B117287,,
C1B117288,,
C1B117289,,
C1B117290,,
C1B117291,,
C1B117292,,
C1B117294,,
C1B117296,,
C1B117298,,
C1B117299,,
C1B117300,,
C1D113004,,
C1D113018,,
C1D113019,,
C1D113024,,
C1D113027,,
C1D113041,,
C1D113045,,
C1D113060,,
C1D113064,,
C1D113070,,
C1D113084,,
C1D113093,,
C1D113126,,
C1D113189,,
C1D113227,,
C1D113236,,
C1D114008,,
C1D114017,,
C1D114037,,
C1D114047,,
C1D114107,,
C1D114109,,
C1D114135,,
C1D114187,,
C1D114224,,
C1D114226,,
C1D114227,,
C1D115004,,
C1D115015,,
C1D115026,,
C1D115041,,
C1D115044,,
C1D115045,,
C1D115056,,
C1D115057,,
C1D115063,,
C1D115064,,
C1D115072,,
C1D115073,,
C1D115075,,
C1D115095,,
C1D115097,,
C1D115101,,
C1D115103,,
C1D115110,,
C1D115114,,
C1D115132,,
C1D115133,,
C1D115138,,
C1D115150,,
C1D115161,,
C1D115162,,
C1D115171,,
C1D115186,,
C1D115187,,
C1D115188,,
C1D115192,,
C1D116001,,
C1D116002,,
C1D116003,,
C1D116004,,
C1D116006,,
C1D116010,,
C1D116011,,
C1D116013,,
C1D116018,,
C1D116019,,
C1D116020,,
C1D116025,,
C1D116026,,
C1D116029,,
C1D116030,,
C1D116035,,
C1D116036,,
C1D116039,,
C1D116044,,
C1D116047,,
C1D116048,,
C1D116052,,
C1D116053,,
C1D116054,,
C1D116056,,
C1D116060,,
C1D116061,,
C1D116062,,
C1D116063,,
C1D116065,,
C1D116066,,
C1D116069,,
C1D116070,,
C1D116071,,
C1D116072,,
C1D116073,,
C1D116077,,
C1D116078,,
C1D116083,,
C1D116084,,
C1D116085,,
C1D116086,,
C1D116087,,
C1D116088,,
C1D116090,,
C1D116091,,
C1D116092,,
C1D116094,,
C1D116097,,
C1D116100,,
C1D116101,,
C1D116104,,
C1D116107,,
C1D116108,,
C1D116109,,
C1D116112,,
C1D116114,,
C1D116119,,
C1D116122,,
C1D116126,,
C1D116127,,
C1D116132,,
C1D116133,,
C1D116134,,
C1D116135,,
C1D116136,,
C1D116138,,
C1D116139,,
C1D116141,,
C1D116143,,
C1D116144,,
C1D116145,,
C1D116146,,
C1D116147,,
C1D116150,,
C1D116151,,
C1D116152,,
C1D116154,,
C1D116155,,
C1D116156,,
C1D116157,,
C1D116158,,
C1D116159,,
C1D116160,,
C1D116161,,
C1D116162,,
C1D116164,,
C1D116165,,
C1D116167,,
C1D116173,,
C1D116174,,
C1D116180,,
C1D116182,,
C1D116183,,
C1D116184,,
C1D116185,,
C1D116188,,
C1D116190,,
C1D116192,,
C1D116195,,
C1D116197,,
C1D116199,,
C1D116201,,
C1D116202,,
C1D116203,,
C1D116204,,
C1D116207,,
C1D116209,,
C1D116210,,
C1D116213,,
C1D118001,,
C1D118002,,
C1D118003,,
C1D118004,,
C1D118005,,
C1D118006,,
C1D118007,,
C1D118008,,
C1D118010,,
C1D118011,,
C1D118012,,
C1D118013,,
C1D118014,,
C1D118015,,
C1D118016,,
C1D118017,,
C1D118018,,
C1D118019,,
C1D118020,,
C1D118021,,
C1D118022,,
C1D118023,,
C1D118024,,
C1D118026,,
C1D118027,,
C1D118028,,
C1D118030,,
C1D118031,,
C1D118032,,
C1D118033,,
C1D118034,,
C1D118035,,
C1D118036,,
C1D118037,,
C1D118038,,
C1D118039,,
C1D118040,,
C1D118041,,
C1D118042,,
C1D118043,,
C1D118045,,
C1D118046,,
C1D118047,,
C1D118048,,
C1D118049,,
C1D118050,,
C1D118051,,
C1D118052,,
C1D118053,,
C1D118054,,
C1D118055,,
C1D118056,,
C1D118057,,
C1D118058,,
C1D118059,,
C1D118060,,
C1D118061,,
C1D118062,,
C1D118063,,
C1D118064,,
C1D118065,,
C1D118066,,
C1D118068,,
C1D118069,,
C1D118070,,
C1D118071,,
C1D118072,,
C1D118073,,
C1D118075,,
C1D118076,,
C1D118077,,
C1D118078,,
C1D118079,,
C1D118080,,
C1D118081,,
C1D118082,,
C1D118083,,
C1D118084,,
C1D118085,,
C1D118086,,
C1D118087,,
C1D118088,,
C1D118089,,
C1D118091,,
C1D118093,,
C1D118094,,
C1D118095,,
C1D118096,,
C1D118097,,
C1D118098,,
C1D118099,,
C1D118100,,
C1D118102,,
C1D118103,,
C1D118104,,
C1D118105,,
C1D118106,,
C1D118107,,
C1D118108,,
C1D118109,,
C1D118110,,
C1D118111,,
C1D118112,,
C1D118113,,
C1D118114,,
C1D118115,,
C1D118117,,
C1D118118,,
C1D118119,,
C1D118120,,
C1D118121,,
C1D118123,,
C1D118124,,
C1D118125,,
C1D118126,,
C1D118127,,
C1D118128,,
C1D118129,,
C1D118130,,
C1D118131,,
C1D118133,,
C1D118134,,
C1D118135,,
C1D118137,,
C1D118138,,
C1D118139,,
C1D118140,,
C1D118142,,
C1D118143,,
C1D118144,,
C1D118145,,
C1D118149,,
C1D118150,,
C1D118151,,
C1D118152,,
C1D118153,,
C1D118154,,
C1D118156,,
C1D118157,,
C1D118158,,
C1D118159,,
C1D118160,,
C1D118161,,
C1D118162,,
C1D118163,,
C1D118164,,
C1D118165,,
C1D118166,,
C1D118167,,
C1D118169,,
C1D118170,,
C1D118171,,
C1D118172,,
C1D118173,,
C1D118174,,
C1D118175,,
C1D118176,,
C1D118177,,
C1D118179,,
C1D119001,,
C1D119002,,
C1D119003,,
C1D119004,,
C1D119005,,
C1D119006,,
C1D119007,,
C1D119008,,
C1D119009,,
C1D119010,,
C1D119011,,
C1D119012,,
C1D119013,,
C1D119014,,
C1D119016,,
C1D119017,,
C1D119018,,
C1D119019,,
C1D119020,,
C1D119021,,
C1D119023,,
C1D119024,,
C1D119025,,
C1D119026,,
C1D119028,,
C1D119029,,
C1D119030,,
C1D119031,,
C1D119032,,
C1D119033,,
C1D119034,,
C1D119035,,
C1D119038,,
C1D119039,,
C1D119040,,
C1D119041,,
C1D119042,,
C1D119043,,
C1D119045,,
C1D119046,,
C1D119047,,
C1D119048,,
C1D119049,,
C1D119050,,
C1D119051,,
C1D119052,,
C1D119053,,
C1D119054,,
C1D119055,,
C1D119056,,
C1D119057,,
C1D119058,,
C1D119059,,
C1D119060,,
C1D119061,,
C1D119062,,
C1D119063,,
C1D119064,,
C1D119067,,
C1D119068,,
C1D119069,,
C1D119070,,
C1D119072,,
C1D119073,,
C1D119074,,
C1D119075,,
C1D119077,,
C1D119078,,
C1D119079,,
C1D119080,,
C1D119081,,
C1D119082,,
C1D119083,,
C1D119084,,
C1D119085,,
C1D119087,,
C1D119088,,
C1D119090,,
C1D119091,,
C1D119092,,
C1D119093,,
C1D119094,,
C1D119095,,
C1D119097,,
C1D119098,,
C1D119099,,
C1D119100,,
C1D119101,,
C1D119102,,
C1D119103,,
C1D119104,,
C1D119105,,
C1D119106,,
C1D119107,,
C1D119108,,
C1D119109,,
C1D119110,,
C1D119111,,
C1D119112,,
C1D119113,,
C1D119114,,
C1D119115,,
C1D119116,,
C1D119117,,
C1D119118,,
C1D119119,,
C1D119120,,
C1D119122,,
C1D119123,,
C1D119124,,
C1D119125,,
C1D119126,,
C1D119127,,
C1D119129,,
C1D119130,,
C1D119131,,
C1D119133,,
C1D119134,,
C1D119135,,
C1D119136,,
C1D119137,,
C1D119138,,
C1D119139,,
C1D119140,,
C1D119141,,
C1D119142,,
C1D119143,,
C1D119144,,
C1D119146,,
C1D119147,,
C1D119148,,
C1D119149,,
C1D119150,,
C1D119151,,
C1D119152,,
C1D119153,,
C1D119154,,
C1D119155,,
C1D119156,,
C1D119157,,
C1D119158,,
C1D119159,,
C1D119160,,
C1D119161,,
C1D119162,,
C1D119163,,
C1D119164,,
C1D119165,,
C1D119166,,
C1D119167,,
C1D119168,,
C1D119169,,
C1D119170,,
C1D119171,,
C1D119172,,
C1D119173,,
C1D119174,,
C1D119175,,
C1D119176,,
C1D119177,,
C1D119178,,
C1D119179,,
C1D119180,,
C1D119181,,
C1D119183,,
C1D119184,,
C1D119185,,
C1D119186,,
C1D119187,,
C1D119188,,
C1D119189,,
C1D119190,,
C1D119191,,
C1D119192,,
C1D119193,,
C1D119194,,
C1D119195,,
C1D119196,,
C1D119197,,
C1D119198,,
C1D119199,,
C1D119200,,
C1D120001,,
C1D120002,,
C1D120003,,
C1D120004,,
C1D120005,,
C1D120006,,
C1D120007,,
C1D120008,,
C1D120009,,
C1D120010,,
C1D120011,,
C1D120012,,
C1D120013,,
C1D120014,,
C1D120015,,
C1D120016,,
C1D120018,,
C1D120019,,
C1D120020,,
C1D120021,,
C1D120023,,
C1D120024,,
C1D120025,,
C1D120026,,
C1D120027,,
C1D120030,,
C1D120031,,
C1D120033,,
C1D120034,,
C1D120035,,
C1D120036,,
C1D120037,,
C1D120038,,
C1D120039,,
C1D120040,,
C1D120041,,
C1D120042,,
C1D120043,,
C1D120044,,
C1D120045,,
C1D120046,,
C1D120047,,
C1D120048,,
C1D120049,,
C1D120050,,
C1D120051,,
C1D120052,,
C1D120053,,
C1D120055,,
C1D120056,,
C1D120057,,
C1D120058,,
C1D120059,,
C1D120060,,
C1D120061,,
C1D120062,,
C1D120063,,
C1D120064,,
C1D120065,,
C1D120066,,
C1D120067,,
C1D120068,,
C1D120069,,
C1D120070,,
C1D120071,,
C1D120072,,
C1D120073,,
C1D120074,,
C1D120075,,
C1D120076,,
C1D120077,,
C1D120078,,
C1D120079,,
C1D120080,,
C1D120081,,
C1D120082,,
C1D120083,,
C1D120084,,
C1D120085,,
C1D120087,,
C1D120088,,
C1D120089,,
C1D120090,,
C1D120092,,
C1D120093,,
C1D120094,,
C1D120095,,
C1D120096,,
C1D120097,,
C1D120098,,
C1D120099,,
C1D120100,,
C1D120101,,
C1D120102,,
C1D120103,,
C1D120105,,
C1D120106,,
C1D120107,,
C1D120108,,
C1D120109,,
C1D120110,,
C1D120111,,
C1D120112,,
C1D120113,,
C1D120114,,
C1D120115,,
C1D120116,,
C1D120117,,
C1D120118,,
C1D120119,,
C1D120120,,
C1D120121,,
C1D120122,,
C1D120123,,
C1D120124,,
C1D120125,,
C1D120126,,
C1D120127,,
C1D120128,,
C1D120129,,
C1D120130,,
C1D120131,,
C1D120132,,
C1D120133,,
C1D120134,,
C1D120135,,
C1D120136,,
C1D120137,,
C1D120138,,
C1D120139,,
C1D120140,,
C1D120141,,
C1D120142,,
C1D120143,,
C1D120144,,
C1D120145,,
C1D120146,,
C1D120147,,
C1D120148,,
C1D120149,,
C1D120150,,
C1D120151,,
C1D120152,,
C1D120153,,
C1D120154,,
C1D120155,,
C1D120156,,
C1D120157,,
C1D120158,,
C1D120159,,
C1D120160,,
C1D120161,,
C1D120162,,
C1D120163,,
C1D120164,,
C1D120165,,
C1D120166,,
C1D120167,,
C1D120168,,
C1D120169,,
C1D120170,,
C1D120171,,
C1D120172,,
C1D120173,,
C1D120174,,
C1D120175,,
C1D120176,,
C1D120177,,
C1D120178,,
C1D120179,,
C1D120180,,
C1D120181,,
C1D120182,,
C1D120183,,
C1D120184,,
C1D120185,,
C1D120186,,
C1D120187,,
C1D120188,,
C1D120189,,
C1D120190,,
C1D120191,,
C1D120192,,
C1D120193,,
C1D120194,,
C1D120195,,
C1D120196,,
C1D120197,,
C1D120198,,
C1D120199,,
C1D120200,,
C1D120201,,
C1D120202,,
C1D120203,,
C1D120204,,
C1D120205,,
C1D120206,,
C1D120207,,
C1D120208,,
C1D120209,,
C1D120210,,
C1D120211,,
C1D120212,,
C1D120213,,
C1D120214,,
C1D120215,,
S1B116009,,
S1B116010,,
S1B116011,,
S1B116020,,
S1B116023,,
S1B116027,,
S1B116037,,
S1B116041,,
S1B116046,,
S1B116048,,
S1B116051,,
S1B116052,,
S1B116069,,
S1B116071,,
S1B116072,,
S1B116079,,
S1B116085,,
S1B116088,,
S1B116093,,
S1B116107,,
S1B116109,,
S1B116117,,
S1B116123,,
S1B116129,,
S1B116139,,
S1B116154,,
S1B116160,,
S1B116161,,
S1B116165,,
S1B116172,,
S1B116178,,
S1B116182,,
S1B116185,,
S1B116186,,
S1B116189,,
S1B116194,,
S1B116199,,
S1B116200,,
S1B116207,,
S1B116209,,
S1B116212,,
S1B116213,,
S1B116214,,
S1B116215,,
S1B116221,,
S1B116222,,
S1B116223,,
S1B116225,,
S1B116227,,
S1B116231,,
S1B116232,,
S1B116234,,
S1B116235,,
S1B116237,,
S1B116238,,
S1B116241,,
S1B116242,,
S1B116245,,
S1B116248,,
S1B116249,,
S1B116251,,
S1B116254,,
S1B116255,,
S1B116257,,
S1B116259,,
S1B116260,,
S1B116261,,
S1B116262,,
S1B116266,,
S1B116267,,
S1B116269,,
S1B116270,,
S1B116271,,
S1B116272,,
S1B116273,,
S1B116274,,
S1B116275,,
S1B116278,,
S1B116286,,
S1B116289,,
S1B116291,,
S1B116296,,
S1B116299,,
S1B116302,,
S1B116303,,
S1B116304,,
S1B116309,,
S1B116311,,
S1B116312,,
S1B116317,,
S1B116318,,
S1B116320,,
S1B116322,,
S1B116323,,
S1B116324,,
S1B116330,,
S1B116332,,
S1B116333,,
S1B116334,,
S1B116337,,
S1B116345,,
S1B116347,,
S1B116348,,
S1B116349,,
S1B116353,,
S1B116355,,
S1B116356,,
S1B116359,,
S1B116361,,
S1B116362,,
S1B116364,,
S1B116366,,
S1B116371,,
S1B116373,,
S1B116376,,
S1B116377,,
S1B116378,,
S1B116379,,
S1B116380,,
S1B116381,,
S1B116384,,
S1B116385,,
S1B116387,,
S1B116388,,
S1B116392,,
S1B116393,,
S1B116395,,
S1B116400,,
S1B116402,,
S1B116405,,
S1B116409,,
S1B116410,,
S1B116411,,
S1B116412,,
S1B116414,,
S1B116416,,
S1B116421,,
S1B116423,,
S1B116424,,
S1B116427,,
S1B116434,,
S1B116435,,
S1B116441,,
S1B116443,,
S1B116453,,
S1B116454,,
S1B116456,,
S1B116458,,
S1B116459,,
S1B116460,,
S1B116461,,
S1B116463,,
S1B116465,,
S1B116467,,
S1B116472,,
S1B116484,,
S1B116488,,
S1B116494,,
S1B116503,,
S1B116507,,
S1B116512,,
S1B116515,,
S1B116518,,
S1B116522,,
S1B116524,,
S1B116526,,
S1B116527,,
S1B116534,,
S1B116536,,
S1B116538,,
S1B116539,,
S1B116544,,
S1B116545,,
S1B117001,,
S1B117002,,
S1B117003,,
S1B117004,,
S1B117006,,
S1B117008,,
S1B117009,,
S1B117010,,
S1B117011,,
S1B117012,,
S1B117013,,
S1B117014,,
S1B117015,,
S1B117017,,
S1B117018,,
S1B117019,,
S1B117020,,
S1B117021,,
S1B117023,,
S1B117025,,
S1B117026,,
S1B117028,,
S1B117032,,
S1B117035,,
S1B117036,,
S1B117037,,
S1B117038,,
S1B117039,,
S1B117040,,
S1B117041,,
S1B117042,,
S1B117044,,
S1B117045,,
S1B117046,,
S1B117048,,
S1B117049,,
S1B117050,,
S1B117051,,
S1B117054,,
S1B117055,,
S1B117056,,
S1B117057,,
S1B117058,,
S1B117059,,
S1B117060,,
S1B117061,,
S1B117062,,
S1B117063,,
S1B117064,,
S1B117065,,
S1B117066,,
S1B117067,,
S1B117068,,
S1B117069,,
S1B117074,,
S1B117075,,
S1B117076,,
S1B117077,,
S1B117078,,
S1B117079,,
S1B117080,,
S1B117081,,
S1B117082,,
S1B117083,,
S1B117084,,
S1B117085,,
S1B117087,,
S1B117088,,
S1B117090,,
S1B117091,,
S1B117094,,
S1B117095,,
S1B117096,,
S1B117098,,
S1B117099,,
S1B117100,,
S1B117101,,
S1B117102,,
S1B117103,,
S1B117105,,
S1B117107,,
S1B117108,,
S1B117109,,
S1B117110,,
S1B117111,,
S1B117112,,
S1B117113,,
S1B117114,,
S1B117115,,
S1B117117,,
S1B117118,,
S1B117119,,
S1B117120,,
S1B117121,,
S1B117122,,
S1B117123,,
S1B117124,,
S1B117125,,
S1B117126,,
S1B117127,,
S1B117128,,
S1B117129,,
S1B117130,,
S1B117131,,
S1B117132,,
S1B117133,,
S1B117134,,
S1B117135,,
S1B117136,,
S1B117137,,
S1B117138,,
S1B117139,,
S1B117143,,
S1B117144,,
S1B117145,,
S1B117146,,
S1B117149,,
S1B117150,,
S1B117151,,
S1B117152,,
S1B117153,,
S1B117154,,
S1B117155,,
S1B117156,,
S1B117158,,
S1B117159,,
S1B117160,,
S1B117161,,
S1B117162,,
S1B117163,,
S1B117164,,
S1B117165,,
S1B117166,,
S1B117167,,
S1B117168,,
S1B117171,,
S1B117172,,
S1B117175,,
S1B117176,,
S1B117177,,
S1B117178,,
S1B117180,,
S1B117181,,
S1B117183,,
S1B117184,,
S1B117185,,
S1B117186,,
S1B117187,,
S1B117188,,
S1B117190,,
S1B117191,,
S1B117192,,
S1B117194,,
S1B117195,,
S1B117196,,
S1B117197,,
S1B117198,,
S1B117199,,
S1B117200,,
S1B117201,,
S1B117202,,
S1B117203,,
S1B117204,,
S1B117205,,
S1B117206,,
S1B117207,,
S1B117208,,
S1B117209,,
S1B117210,,
S1B117211,,
S1B117212,,
S1B117213,,
S1B117215,,
S1B117216,,
S1B117217,,
S1B117218,,
S1B117219,,
S1B117220,,
S1B117222,,
S1B117223,,
S1B117224,,
S1B117225,,
S1B117226,,
S1B117227,,
S1B117228,,
S1B117229,,
S1B117231,,
S1B117233,,
S1B117234,,
S1B117235,,
S1B117236,,
S1B117237,,
S1B117238,,
S1B117239,,
S1B117240,,
S1B117241,,
S1B117242,,
S1B117243,,
S1B117244,,
S1B117246,,
S1B117247,,
S1B117248,,
S1B117249,,
S1B117250,,
S1B117251,,
S1B117252,,
S1B117254,,
S1B117255,,
S1B117256,,
S1B117257,,
S1B117258,,
S1B117259,,
S1B117260,,
S1B117261,,
S1B117262,,
S1B117263,,
S1B117265,,
S1B117266,,
S1B117267,,
S1B117269,,
S1B117270,,
S1B117271,,
S1B117272,,
S1B117273,,
S1B117274,,
S1B117275,,
S1B117276,,
S1B117277,,
S1B117278,,
S1B117279,,
S1B117280,,
S1B117281,,
S1B118001,,
S1B118002,,
S1B118003,,
S1B118004,,
S1B118006,,
S1B118007,,
S1B118008,,
S1B118009,,
S1B118010,,
S1B118011,,
S1B118012,,
S1B118013,,
S1B118014,,
S1B118015,,
S1B118016,,
S1B118017,,
S1B118018,,
S1B118019,,
S1B118021,,
S1B118022,,
S1B118024,,
S1B118025,,
S1B118026,,
S1B118027,,
S1B118028,,
S1B118029,,
S1B118030,,
S1B118031,,
S1B118032,,
S1B118033,,
S1B118034,,
S1B118035,,
S1B118036,,
S1B118037,,
S1B118038,,
S1B118039,,
S1B118040,,
S1B118041,,
S1B118042,,
S1B118043,,
S1B118044,,
S1B118045,,
S1B118046,,
S1B118048,,
S1B118049,,
S1B118050,,
S1B118053,,
S1B118054,,
S1B118055,,
S1B118056,,
S1B118057,,
S1B118058,,
S1B118059,,
S1B118060,,
S1B118061,,
S1B118062,,
S1B118063,,
S1B118064,,
S1B118065,,
S1B118066,,
S1B118067,,
S1B118068,,
S1B118069,,
S1B118070,,
S1B118071,,
S1B118072,,
S1B118073,,
S1B118075,,
S1B118076,,
S1B118077,,
S1B118078,,
S1B118079,,
S1B118080,,
S1B118082,,
S1B118083,,
S1B118084,,
S1B118085,,
S1B118086,,
S1B118087,,
S1B118088,,
S1B118089,,
S1B118090,,
S1B118091,,
S1B118092,,
S1B118093,,
S1B118095,,
S1B118096,,
S1B118097,,
S1B118098,,
S1B118099,,
S1B118100,,
S1B118101,,
S1B118102,,
S1B118103,,
S1B118104,,
S1B118105,,
S1B118106,,
S1B118107,,
S1B118108,,
S1B118109,,
S1B118112,,
S1B118113,,
S1B118114,,
S1B118115,,
S1B118117,,
S1B118118,,
S1B118119,,
S1B118120,,
S1B118121,,
S1B118122,,
S1B118123,,
S1B118125,,
S1B118126,,
S1B118127,,
S1B118128,,
S1B118129,,
S1B118130,,
S1B118131,,
S1B118132,,
S1B118133,,
S1B118134,,
S1B118135,,
S1B118136,,
S1B118137,,
S1B118138,,
S1B118139,,
S1B118140,,
S1B118141,,
S1B118142,,
S1B118143,,
S1B118145,,
S1B118147,,
S1B118149,,
S1B118150,,
S1B118151,,
S1B118152,,
S1B118153,,
S1B118154,,
S1B118155,,
S1B118156,,
S1B118157,,
S1B118159,,
S1B118160,,
S1B118161,,
S1B118162,,
S1B118163,,
S1B118164,,
S1B118166,,
S1B118168,,
S1B118170,,
S1B118171,,
S1B118172,,
S1B118174,,
S1B118175,,
S1B118176,,
S1B118178,,
S1B118180,,
S1B118181,,
S1B118182,,
S1B118183,,
S1B118184,,
S1B118185,,
S1B118189,,
S1B118192,,
S1B118193,,
S1B118194,,
S1B118196,,
S1B118198,,
S1B118200,,
S1B118201,,
S1B118202,,
S1B118204,,
S1B118207,,
S1B118208,,
S1B118209,,
S1B118210,,
S1B118211,,
S1B118212,,
S1B118214,,
S1B118215,,
S1B118217,,
S1B118218,,
S1B118219,,
S1B118220,,
S1B118222,,
S1B118223,,
S1B118224,,
S1B118225,,
S1B118226,,
S1B118227,,
S1B118228,,
S1B118229,,
S1B118231,,
S1B118232,,
S1B118234,,
S1B118235,,
S1B118236,,
S1B118237,,
S1B118238,,
S1B118239,,
S1B118240,,
S1B118241,,
S1B118242,,
S1B118243,,
S1B118245,,
S1B118246,,
S1B118247,,
S1B118248,,
S1B118249,,
S1B118250,,
S1B118251,,
S1B118252,,
S1B118253,,
S1B118254,,
S1B118255,,
S1B118256,,
S1B118257,,
S1B118258,,
S1B118260,,
S1B118263,,
S1B118265,,
S1B118266,,
S1B118267,,
S1B118268,,
S1B118269,,
S1B118270,,
S1B118271,,
S1B118272,,
S1B118273,,
S1B118274,,
S1B118275,,
S1B118276,,
S1B118279,,
S1B118280,,
S1B118281,,
S1B118282,,
S1B118283,,
S1B119001,,
S1B119002,,
S1B119003,,
S1B119004,,
S1B119005,,
S1B119006,,
S1B119007,,
S1B119008,,
S1B119009,,
S1B119010,,
S1B119011,,
S1B119012,,
S1B119013,,
S1B119014,,
S1B119015,,
S1B119016,,
S1B119017,,
S1B119018,,
S1B119021,,
S1B119022,,
S1B119023,,
S1B119024,,
S1B119025,,
S1B119028,,
S1B119029,,
S1B119030,,
S1B119031,,
S1B119032,,
S1B119033,,
S1B119034,,
S1B119035,,
S1B119036,,
S1B119037,,
S1B119038,,
S1B119039,,
S1B119040,,
S1B119041,,
S1B119042,,
S1B119043,,
S1B119044,,
S1B119045,,
S1B119046,,
S1B119047,,
S1B119048,,
S1B119049,,
S1B119050,,
S1B119051,,
S1B119052,,
S1B119053,,
S1B119054,,
S1B119055,,
S1B119056,,
S1B119057,,
S1B119058,,
S1B119059,,
S1B119060,,
S1B119061,,
S1B119062,,
S1B119063,,
S1B119064,,
S1B119065,,
S1B119066,,
S1B119067,,
S1B119068,,
S1B119069,,
S1B119070,,
S1B119071,,
S1B119072,,
S1B119074,,
S1B119075,,
S1B119076,,
S1B119077,,
S1B119079,,
S1B119080,,
S1B119081,,
S1B119082,,
S1B119083,,
S1B119084,,
S1B119085,,
S1B119086,,
S1B119088,,
S1B119089,,
S1B119090,,
S1B119091,,
S1B119092,,
S1B119093,,
S1B119094,,
S1B119096,,
S1B119097,,
S1B119098,,
S1B119099,,
S1B119100,,
S1B119102,,
S1B119104,,
S1B119105,,
S1B119106,,
S1B119107,,
S1B119108,,
S1B119109,,
S1B119110,,
S1B119111,,
S1B119112,,
S1B119113,,
S1B119114,,
S1B119115,,
S1B119116,,
S1B119117,,
S1B119119,,
S1B119122,,
S1B119123,,
S1B119124,,
S1B119125,,
S1B119126,,
S1B119128,,
S1B119129,,
S1B119130,,
S1B119131,,
S1B119132,,
S1B119133,,
S1B119134,,
S1B119135,,
S1B119136,,
S1B119137,,
S1B119138,,
S1B119139,,
S1B119141,,
S1B119142,,
S1B119143,,
S1B119144,,
S1B119145,,
S1B119146,,
S1B119147,,
S1B119148,,
S1B119149,,
S1B119150,,
S1B119151,,
S1B119152,,
S1B119153,,
S1B119154,,
S1B119155,,
S1B119156,,
S1B119157,,
S1B119158,,
S1B119159,,
S1B119160,,
S1B119161,,
S1B119162,,
S1B119163,,
S1B119164,,
S1B119165,,
S1B119166,,
S1B119167,,
S1B119168,,
S1B119169,,
S1B119170,,
S1B119171,,
S1B119172,,
S1B119173,,
S1B119174,,
S1B119175,,
S1B119176,,
S1B119177,,
S1B119178,,
S1B119179,,
S1B119180,,
S1B119181,,
S1B119182,,
S1B119183,,
S1B119184,,
S1B119185,,
S1B119186,,
S1B119187,,
S1B119188,,
S1B119189,,
S1B119190,,
S1B119191,,
S1B119192,,
S1B119193,,
S1B119194,,
S1B119195,,
S1B119196,,
S1B119197,,
S1B119198,,
S1B119199,,
S1B119200,,
S1B120001,,
S1B120002,,
S1B120003,,
S1B120004,,
S1B120005,,
S1B120006,,
S1B120007,,
S1B120008,,
S1B120009,,
S1B120010,,
S1B120011,,
S1B120012,,
S1B120013,,
S1B120014,,
S1B120015,,
S1B120017,,
S1B120019,,
S1B120020,,
S1B120021,,
S1B120022,,
S1B120023,,
S1B120024,,
S1B120025,,
S1B120026,,
S1B120027,,
S1B120028,,
S1B120029,,
S1B120030,,
S1B120031,,
S1B120032,,
S1B120033,,
S1B120034,,
S1B120035,,
S1B120036,,
S1B120037,,
S1B120038,,
S1B120039,,
S1B120040,,
S1B120041,,
S1B120042,,
S1B120043,,
S1B120044,,
S1B120045,,
S1B120046,,
S1B120047,,
S1B120048,,
S1B120049,,
S1B120050,,
S1B120051,,
S1B120052,,
S1B120053,,
S1B120054,,
S1B120055,,
S1B120056,,
S1B120057,,
S1B120058,,
S1B120059,,
S1B120060,,
S1B120061,,
S1B120062,,
S1B120063,,
S1B120064,,
S1B120065,,
S1B120066,,
S1B120067,,
S1B120068,,
S1B120069,,
S1B120070,,
S1B120071,,
S1B120072,,
S1B120073,,
S1B120074,,
S1B120075,,
S1B120076,,
S1B120077,,
S1B120078,,
S1B120079,,
S1B120080,,
S1B120081,,
S1B120082,,
S1B120083,,
S1B120084,,
S1B120085,,
S1B120086,,
S1B120087,,
S1B120088,,
S1B120089,,
S1B120090,,
S1B120091,,
S1B120092,,
S1B120093,,
S1B120094,,
S1B120095,,
S1B120096,,
S1B120097,,
S1B120098,,
S1B120099,,
S1B120100,,
S1B120101,,
S1B120102,,
S1B120103,,
S1B120104,,
S1B120105,,
S1B120106,,
S1B120107,,
S1B120108,,
S1B120109,,
S1B120110,,
S1B120111,,
S1B120112,,
S1B120113,,
S1B120114,,
S1B120115,,
S1B120116,,
S1B120117,,
S1B120118,,
S1B120119,,
S1B120120,,
S1B120121,,
S1B120122,,
S1B120123,,
S1B120124,,
S1B120125,,
S1B120126,,
S1B120127,,
S1B120128,,
S1B120129,,
S1B120130,,
S1B120131,,
S1B120132,,
S1B120133,,
S1B120134,,
S1B120135,,
S1B120136,,
S1B120137,,
S1B120138,,
S1B120139,,
S1B120140,,
S1B120141,,
S1B120142,,
S1B120143,,
S1B120144,,
S1B120145,,
S1B120146,,
S1B120147,,
S1B120148,,
S1B120149,,
S1B120150,,
S1B120151,,
S1B120152,,
S1B120153,,
S1B120154,,
S1B120155,,
S1B120156,,
S1B120157,,
S1B120158,,
S1B120159,,
S1B120160,,
S1B120161,,
S1B120162,,
S1B120163,,
S1B120164,,
S1B120165,,
S1B120166,,
S1B120167,,
S1B120168,,
S1B120169,,
S1B120170,,
S1B120171,,
S1B120172,,
S1B120173,,
S1B120174,,
S1B120175,,
S1B120176,,
S1B120177,,
S1B120178,,
S1B120180,,
S1B120181,,
S1B120182,,
S1B120183,,
S1B120184,,
S1B120185,,
S1B120186,,
S1B120187,,
S1B120188,,
S1B120189,,
S1B120190,,
S1B120191,,
S1B120192,,
S1B120193,,
S1B120194,,
S1B120195,,
S1B120196,,
S1B120197,,
S1B120198,,
S1B120199,,
S1B120200,,
S1B120201,,
S1B120202,,
S1B120203,,
S1B120204,,
S1B120205,,
S1B120206,,
S1B120207,,
S1B120208,,
C1A415007,,
C1A415008,,
C1A415081,,
C1A415102,,
C1A415114,,
C1A415116,,
C1D516001,,
C1D516009,,
C1D516011,,
C1D516015,,
C1D516016,,
C1D516021,,
C1D516023,,
C1D516024,,
C1D516028,,
C1D516033,,
C1D516036,,
C1D516039,,
C1D516043,,
C1D516047,,
C1D516049,,
C1D516051,,
C1D516052,,
C1D516056,,
C1D516066,,
C1D516069,,
C1D516070,,
C1D516077,,
C1D516079,,
C1D516081,,
C1A313032,,
C1A313051,,
C1A313073,,
C1A314005,,
C1A314011,,
C1A314015,,
C1A314023,,
C1A315022,,
C1A315029,,
C1A315046,,
C1A315047,,
C1A315065,,
C1A315090,,
C1A315095,,
C1A315111,,
C1A315130,,
C1A315136,,
C1A315139,,
C1A315142,,
C1A315146,,
C1A315184,,
C1A315185,,
C1A315188,,
C1A315192,,
S1A216010,,
S1A216020,,
S1A216032,,
S1A216037,,
S1A216049,,
S1A216053,,
