A1A113046,
A1A113050,
A1A113051,
A1A113153,
A1A114008,
A1A114052,
A1A114053,
A1A114074,
A1A114084,
A1A114088,
A1A114089,
A1A114110,
A1A114112,
A1A114123,
A1A114125,
A1A114136,
A1A114140,
A1A114143,
A1A114148,
A1A115001,
A1A115004,
A1A115010,
A1A115012,
A1A115013,
A1A115022,
A1A115023,
A1A115024,
A1A115026,
A1A115029,
A1A115030,
A1A115035,
A1A115038,
A1A115039,
A1A115042,
A1A115043,
A1A115044,
A1A115045,
A1A115052,
A1A115053,
A1A115059,
A1A115063,
A1A115089,
A1A115091,
A1A115094,
A1A115095,
A1A115101,
A1A115102,
A1A115103,
A1A115104,
A1A115108,
A1A115116,
A1A115120,
A1A115122,
A1A115126,
A1A115128,
A1A115136,
A1A115139,
A1A115140,
A1A115143,
A1A115144,
A1A115145,
A1A115148,
A1A115158,
A1A115161,
A1A115179,
A1A115180,
A1A115186,
A1A115192,
A1A115194,
A1A115202,
A1A115203,
A1A115222,
A1A115238,
A1A115242,
A1A115259,
A1A115264,
A1A116001,
A1A116003,
A1A116005,
A1A116006,
A1A116007,
A1A116008,
A1A116010,
A1A116011,
A1A116012,
A1A116013,
A1A116014,
A1A116015,
A1A116016,
A1A116017,
A1A116018,
A1A116019,
A1A116022,
A1A116023,
A1A116025,
A1A116026,
A1A116029,
A1A116030,
A1A116031,
A1A116032,
A1A116033,
A1A116034,
A1A116035,
A1A116036,
A1A116037,
A1A116039,
A1A116041,
A1A116042,
A1A116044,
A1A116045,
A1A116046,
A1A116047,
A1A116048,
A1A116052,
A1A116053,
A1A116054,
A1A116055,
A1A116056,
A1A116058,
A1A116059,
A1A116062,
A1A116066,
A1A116067,
A1A116068,
A1A116069,
A1A116070,
A1A116071,
A1A116073,
A1A116075,
A1A116076,
A1A116077,
A1A116079,
A1A116080,
A1A116081,
A1A116082,
A1A116084,
A1A116085,
A1A116088,
A1A116089,
A1A116090,
A1A116091,
A1A116092,
A1A116093,
A1A116094,
A1A116095,
A1A116096,
A1A116098,
A1A116099,
A1A116101,
A1A116102,
A1A116103,
A1A116104,
A1A116106,
A1A116109,
A1A116111,
A1A116113,
A1A116115,
A1A116118,
A1A116120,
A1A116121,
A1A116122,
A1A116123,
A1A116124,
A1A116125,
A1A116126,
A1A116127,
A1A116128,
A1A116129,
A1A116131,
A1A116132,
A1A116133,
A1A116135,
A1A116136,
A1A116138,
A1A116139,
A1A116140,
A1A116141,
A1A116142,
A1A116143,
A1A116144,
A1A116145,
A1A116146,
A1A116147,
A1A116149,
A1A116150,
A1A116151,
A1A116152,
A1A116153,
A1A116154,
A1A116156,
A1A116159,
A1A116162,
A1A116164,
A1A116166,
A1A116167,
A1A116168,
A1A116169,
A1A116170,
A1A116171,
A1A116173,
A1A117001,
A1A117002,
A1A117003,
A1A117004,
A1A117005,
A1A117006,
A1A117007,
A1A117008,
A1A117009,
A1A117010,
A1A117011,
A1A117013,
A1A117014,
A1A117015,
A1A117016,
A1A117017,
A1A117018,
A1A117019,
A1A117020,
A1A117021,
A1A117024,
A1A117025,
A1A117026,
A1A117027,
A1A117029,
A1A117030,
A1A117031,
A1A117032,
A1A117033,
A1A117034,
A1A117035,
A1A117036,
A1A117038,
A1A117039,
A1A117040,
A1A117041,
A1A117043,
A1A117044,
A1A117045,
A1A117046,
A1A117047,
A1A117048,
A1A117052,
A1A117053,
A1A117054,
A1A117055,
A1A117056,
A1A117057,
A1A117058,
A1A117059,
A1A117060,
A1A117061,
A1A117062,
A1A117063,
A1A117064,
A1A117065,
A1A117066,
A1A117067,
A1A117068,
A1A117069,
A1A117070,
A1A117071,
A1A117072,
A1A117073,
A1A117075,
A1A117076,
A1A117077,
A1A117078,
A1A117079,
A1A117080,
A1A117081,
A1A117082,
A1A117083,
A1A117084,
A1A117085,
A1A117086,
A1A117087,
A1A117089,
A1A117090,
A1A117091,
A1A117092,
A1A117093,
A1A117094,
A1A117095,
A1A117096,
A1A117097,
A1A117099,
A1A117100,
A1A118001,
A1A118002,
A1A118003,
A1A118004,
A1A118005,
A1A118006,
A1A118007,
A1A118008,
A1A118009,
A1A118011,
A1A118013,
A1A118014,
A1A118015,
A1A118016,
A1A118017,
A1A118018,
A1A118019,
A1A118020,
A1A118021,
A1A118022,
A1A118023,
A1A118024,
A1A118026,
A1A118027,
A1A118028,
A1A118029,
A1A118031,
A1A118032,
A1A118033,
A1A118034,
A1A118035,
A1A118036,
A1A118037,
A1A118038,
A1A118039,
A1A118042,
A1A118043,
A1A118044,
A1A118045,
A1A118046,
A1A118048,
A1A118049,
A1A118050,
A1A118052,
A1A118053,
A1A118054,
A1A118055,
A1A118056,
A1A118057,
A1A118059,
A1A118060,
A1A118061,
A1A119001,
A1A119002,
A1A119003,
A1A119004,
A1A119005,
A1A119006,
A1A119008,
A1A119009,
A1A119010,
A1A119011,
A1A119012,
A1A119013,
A1A119014,
A1A119015,
A1A119016,
A1A119017,
A1A119018,
A1A119019,
A1A119020,
A1A119022,
A1A119023,
A1A119024,
A1A119025,
A1A119026,
A1A119027,
A1A119028,
A1A119029,
A1A119030,
A1A119031,
A1A119032,
A1A119034,
A1A119035,
A1A119036,
A1A119037,
A1A119039,
A1A119040,
A1A119041,
A1A119042,
A1A119043,
A1A119044,
A1A119045,
A1A119046,
A1A119047,
A1A119048,
A1A119049,
A1A119050,
A1A119051,
A1A119052,
A1A119053,
A1A119056,
A1A119057,
A1A119058,
A1A119059,
A1A119060,
A1A119061,
A1A119062,
A1A119063,
A1A119064,
A1A119065,
A1A119066,
A1A119069,
A1A119070,
A1A119071,
A1A119072,
A1A119073,
A1A119074,
A1A119075,
A1A119076,
A1A119077,
A1A119078,
A1A119079,
A1A119080,
A1A119081,
A1A119082,
A1A119083,
A1A119084,
A1A119085,
A1A119086,
A1A119087,
A1A119088,
A1A119089,
A1A119090,
A1A119091,
A1A119092,
A1A119093,
A1A119094,
A1A119095,
A1A119096,
A1A119097,
A1A119098,
A1A120002,
A1A120003,
A1A120004,
A1A120005,
A1A120006,
A1A120007,
A1A120008,
A1A120010,
A1A120011,
A1A120012,
A1A120013,
A1A120014,
A1A120016,
A1A120017,
A1A120018,
A1A120019,
A1A120020,
A1A120021,
A1A120022,
A1A120024,
A1A120025,
A1A120026,
A1A120028,
A1A120029,
A1A120030,
A1A120031,
A1A120032,
A1A120033,
A1A120034,
A1A120035,
A1A120036,
A1A120037,
A1A120038,
A1A120039,
A1A120040,
A1A120041,
A1A120042,
A1A120043,
A1A120044,
A1A120047,
A1A120048,
A1A120049,
A1A120050,
A1A120051,
A1A120052,
A1A120053,
A1A120054,
A1A120055,
A1A120056,
A1A120057,
A1A120058,
A1A120059,
A1A120060,
A1A120061,
A1A120062,
A1A120063,
A1A120064,
A1A120065,
A1A120066,
A1A120067,
A1A120068,
A1A120069,
A1A120070,
A1A120071,
A1A120072,
A1A120073,
A1A120074,
A1A120075,
A1A120076,
A1A120077,
A1A120078,
A1A120079,
A1A120080,
A1A120081,
A1A120082,
A1A120083,
A1A120084,
A1A120085,
A1A120086,
A1A120087,
A1A120088,
A1A120089,
A1A120090,
A1A120091,
A1A120092,
A1A120093,
A1A120094,
A1A120095,
A1A120096,
A1A120097,
A1A120098,
A1A120099,
A1A120100,
A1A120101,
A1A120102,
A1A120103,
A1A120104,
A1A120105,
A1A120106,
A1A120107,
A1A120108,
A1A120109,
A1A120110,
A1A120111,
A1A120112,
A1A120113,
A1A120114,
A1A516003,
A1A516004,
A1A516005,
A1A516006,
A1A516008,
A1A516012,
A1A516013,
A1A516015,
A1A516016,
A1A516017,
A1A516018,
A1A516019,
A1A516022,
A1A516023,
A1A516024,
A1A516025,
A1A516026,
A1A516027,
A1A516028,
A1A516029,
A1A516030,
A1A516031,
A1A516032,
A1A516033,
A1A516034,
A1A516037,
A1A516038,
A1A516039,
A1A516040,
A1A516041,
A1A516042,
A1A516044,
A1A516045,
A1A516046,
A1A516049,
A1A516050,
A1A516051,
A1A516052,
A1A516053,
A1A516055,
A1A516056,
A1A516057,
A1A516059,
A1A516060,
A1A516061,
A1A516062,
A1A516064,
A1A516065,
A1A516066,
A1A516067,
A1A516068,
A1A516069,
A1A516070,
A1A516072,
A1A516076,
A1A516077,
A1A516079,
A1A516080,
A1A516081,
A1A516082,
A1A516083,
A1A516084,
A1A516086,
A1A516087,
A1A516089,
A1A516090,
A1A516091,
A1A516093,
A1A516097,
A1A516098,
A1A516099,
A1A516100,
A1A516101,
A1A516102,
A1A313047,
A1A313065,
A1A313066,
A1A313087,
A1A313109,
A1A314002,
A1A314003,
A1A314006,
A1A314010,
A1A314011,
A1A314012,
A1A314021,
A1A314028,
A1A314032,
A1A314038,
A1A314040,
A1A314056,
A1A314064,
A1A314065,
A1A314069,
A1A314077,
A1A314085,
A1A314091,
A1A314107,
A1O115006,
A1O115007,
A1O115019,
A1O115020,
A1O115023,
A1O115024,
A1O115036,
A1O115039,
A1O115046,
A1O115047,
A1O115048,
A1O115049,
A1O115050,
A1O115051,
A1O115052,
A1O115054,
A1O115056,
A1O115057,
A1O115064,
A1O115065,
A1O115070,
A1O115076,
A1O115089,
A1O115093,
A1O115096,
A1O115102,
A1O116003,
A1O116006,
A1O116007,
A1O116010,
A1O116012,
A1O116014,
A1O116017,
A1O116023,
A1O116024,
A1O116031,
A1O116032,
A1O116034,
A1O116036,
A1O116037,
A1O116038,
A1O116039,
A1O116040,
A1O116041,
A1O116043,
A1O116045,
A1O116047,
A1O116048,
A1O116051,
A1O116053,
A1O116054,
A1O116055,
A1O116056,
A1O116057,
A1O116061,
A1O116065,
A1O116066,
A1O116067,
A1O116068,
A1O116070,
A1O116072,
A1O116074,
A1O116076,
A1O116077,
A1O116078,
A1O116079,
A1O116080,
A1O116081,
A1O116083,
A1O116088,
A1O116090,
A1O116094,
A1O116244,
A1O117001,
A1O117002,
A1O117003,
A1O117005,
A1O117006,
A1O117008,
A1O117009,
A1O117013,
A1O117014,
A1O117015,
A1O117016,
A1O117018,
A1O117019,
A1O117020,
A1O117022,
A1O117023,
A1O117025,
A1O117026,
A1O117027,
A1O117029,
A1O117031,
A1O117032,
A1O117034,
A1O117035,
A1O117036,
A1O117038,
A1O117039,
A1O117040,
A1O117041,
A1O117042,
A1O117043,
A1O117044,
A1O117045,
A1O117046,
A1O117047,
A1O117048,
A1O117049,
A1O117050,
A1O117051,
A1O117052,
A1O117053,
A1O117054,
A1O117055,
A1O117056,
A1O117058,
A1O117059,
A1O117060,
A1O117061,
A1O117062,
A1O117064,
A1O117065,
A1O117066,
A1O117067,
A1O118001,
A1O118002,
A1O118003,
A1O118004,
A1O118005,
A1O118006,
A1O118007,
A1O118008,
A1O118010,
A1O118011,
A1O118012,
A1O118013,
A1O118014,
A1O118015,
A1O118016,
A1O118017,
A1O118018,
A1O118019,
A1O118020,
A1O118021,
A1O118022,
A1O118023,
A1O118024,
A1O118025,
A1O118026,
A1O118027,
A1O118028,
A1O118029,
A1O118030,
A1O118031,
A1O118032,
A1O118033,
A1O118034,
A1O118035,
A1O118037,
A1O118038,
A1O118040,
A1O118041,
A1O118042,
A1O118043,
A1O118044,
A1O118045,
A1O118046,
A1O118047,
A1O118048,
A1O118049,
A1O118050,
A1O118051,
A1O118052,
A1O118053,
A1O118054,
A1O118055,
A1O118056,
A1O118057,
A1O118058,
A1O118060,
A1O118061,
A1O118062,
A1O118063,
A1O118064,
A1O118065,
A1O118067,
A1O118068,
A1O118069,
A1O119001,
A1O119002,
A1O119003,
A1O119004,
A1O119005,
A1O119006,
A1O119007,
A1O119008,
A1O119009,
A1O119010,
A1O119012,
A1O119013,
A1O119014,
A1O119016,
A1O119017,
A1O119018,
A1O119019,
A1O119020,
A1O119021,
A1O119022,
A1O119023,
A1O119024,
A1O119025,
A1O119026,
A1O119028,
A1O119029,
A1O119030,
A1O119031,
A1O119032,
A1O119033,
A1O119034,
A1O119035,
A1O119036,
A1O119037,
A1O119038,
A1O119039,
A1O119040,
A1O119041,
A1O119042,
A1O119043,
A1O119044,
A1O119045,
A1O119046,
A1O119047,
A1O119048,
A1O119050,
A1O119051,
A1O119052,
A1O119053,
A1O119055,
A1O119056,
A1O119057,
A1O119058,
A1O119059,
A1O119060,
A1O119061,
A1O119062,
A1O119063,
A1O119065,
A1O120001,
A1O120002,
A1O120003,
A1O120004,
A1O120006,
A1O120007,
A1O120008,
A1O120009,
A1O120010,
A1O120011,
A1O120012,
A1O120013,
A1O120014,
A1O120015,
A1O120016,
A1O120018,
A1O120019,
A1O120020,
A1O120021,
A1O120023,
A1O120024,
A1O120025,
A1O120026,
A1O120027,
A1O120028,
A1O120029,
A1O120030,
A1O120031,
A1O120032,
A1O120033,
A1O120035,
A1O120036,
A1O120037,
A1O120038,
A1O120039,
A1O120040,
A1O120041,
A1O120042,
A1O120043,
A1O120044,
A1O120045,
A1O120046,
A1O120047,
A1O120048,
A1O120049,
A1O120050,
A1O120051,
A1O120052,
A1O120053,
A1O120054,
A1O120055,
A1O120056,
A1O120057,
A1O120058,
A1O120059,
A1O120060,
A1O120061,
A1O120062,
A1O120063,
A1O120064,
A1O120065,
A1O120066,
A1O120067,
A1O120068,
A1O120069,
A1O120070,
A1O120071,
A1O120072,
A1O120073,
A1O120074,
A2A313015,
A2A313017,
A1A413002,
A1A413039,
A1A413047,
A1A413069,
A1A413070,
A1A413077,
A1A413078,
A1A413080,
A1A413090,
A1A413108,
A1A413111,
A1A413114,
A1A413115,
A1A414003,
A1A414019,
A1A414035,
A1A414055,
A1A414057,
A1A414075,
A1A414083,
A1A414097,
A1A414110,
A1A414119,
A1A414129,
A1A414135,
A1A414137,
A1P115003,
A1P115008,
A1P115009,
A1P115026,
A1P115031,
A1P115048,
A1P115052,
A1P115057,
A1P115060,
A1P115064,
A1P115072,
A1P115073,
A1P115075,
A1P115081,
A1P115084,
A1P115085,
A1P115091,
A1P115092,
A1P115095,
A1P115097,
A1P115099,
A1P115104,
A1P115112,
A1P115119,
A1P115120,
A1P115132,
A1P115133,
A1P115139,
A1P115150,
A1P115155,
A1P115161,
A1P115164,
A1P115167,
A1P115168,
A1P115169,
A1P115171,
A1P115176,
A1P115177,
A1P115180,
A1P115209,
A1P115215,
A1P115216,
A1P116003,
A1P116021,
A1P116022,
A1P116024,
A1P116028,
A1P116032,
A1P116039,
A1P116040,
A1P116041,
A1P116045,
A1P116048,
A1P116049,
A1P116060,
A1P116061,
A1P116063,
A1P116064,
A1P116065,
A1P116066,
A1P116067,
A1P116069,
A1P116071,
A1P116072,
A1P116073,
A1P116075,
A1P116076,
A1P116077,
A1P116079,
A1P116080,
A1P116084,
A1P116085,
A1P116091,
A1P116095,
A1P116098,
A1P116100,
A1P116101,
A1P116106,
A1P116110,
A1P116112,
A1P116113,
A1P116114,
A1P116121,
A1P117001,
A1P117002,
A1P117003,
A1P117004,
A1P117005,
A1P117006,
A1P117007,
A1P117008,
A1P117010,
A1P117011,
A1P117012,
A1P117013,
A1P117014,
A1P117015,
A1P117017,
A1P117019,
A1P117020,
A1P117021,
A1P117022,
A1P117023,
A1P117024,
A1P117025,
A1P117027,
A1P117028,
A1P117029,
A1P117030,
A1P117031,
A1P117032,
A1P117034,
A1P117035,
A1P117036,
A1P117038,
A1P117039,
A1P117040,
A1P117041,
A1P117042,
A1P117043,
A1P117044,
A1P117045,
A1P117046,
A1P117047,
A1P117048,
A1P117049,
A1P117050,
A1P117051,
A1P117052,
A1P117053,
A1P117054,
A1P117055,
A1P117056,
A1P117057,
A1P117058,
A1P117059,
A1P117060,
A1P117061,
A1P117062,
A1P117063,
A1P117065,
A1P117066,
A1P117067,
A1P117068,
A1P118001,
A1P118002,
A1P118003,
A1P118004,
A1P118005,
A1P118006,
A1P118007,
A1P118008,
A1P118010,
A1P118011,
A1P118012,
A1P118013,
A1P118014,
A1P118015,
A1P118016,
A1P118017,
A1P118018,
A1P118019,
A1P118021,
A1P118022,
A1P118023,
A1P118024,
A1P118025,
A1P118026,
A1P118027,
A1P118028,
A1P118029,
A1P118030,
A1P118031,
A1P118032,
A1P118033,
A1P118034,
A1P118035,
A1P118036,
A1P118037,
A1P118038,
A1P118039,
A1P118040,
A1P118041,
A1P118042,
A1P118043,
A1P118044,
A1P118045,
A1P118046,
A1P118047,
A1P118048,
A1P118049,
A1P118051,
A1P118052,
A1P118053,
A1P118054,
A1P118055,
A1P118056,
A1P118057,
A1P118058,
A1P118059,
A1P118060,
A1P119001,
A1P119002,
A1P119003,
A1P119004,
A1P119005,
A1P119007,
A1P119008,
A1P119009,
A1P119010,
A1P119012,
A1P119013,
A1P119014,
A1P119015,
A1P119016,
A1P119017,
A1P119018,
A1P119019,
A1P119020,
A1P119021,
A1P119023,
A1P119024,
A1P119025,
A1P119026,
A1P119027,
A1P119028,
A1P119029,
A1P119030,
A1P119031,
A1P119032,
A1P119033,
A1P119034,
A1P119036,
A1P119037,
A1P119038,
A1P119039,
A1P119040,
A1P119041,
A1P119042,
A1P119043,
A1P119044,
A1P119045,
A1P119046,
A1P119047,
A1P119048,
A1P119049,
A1P119050,
A1P119051,
A1P119052,
A1P119053,
A1P119054,
A1P119055,
A1P119056,
A1P119057,
A1P119058,
A1P119059,
A1P119060,
A1P119061,
A1P119062,
A1P119063,
A1P119064,
A1P119065,
A1P119066,
A1P119067,
A1P119068,
A1P119069,
A1P119070,
A1P119072,
A1P119073,
A1P119074,
A1P119077,
A1P119078,
A1P119080,
A1P119081,
A1P119082,
A1P119083,
A1P119084,
A1P119085,
A1P119086,
A1P119087,
A1P119088,
A1P119090,
A1P119091,
A1P119092,
A1P119093,
A1P119094,
A1P119095,
A1P119096,
A1P119098,
A1P120001,
A1P120002,
A1P120003,
A1P120004,
A1P120005,
A1P120006,
A1P120007,
A1P120008,
A1P120009,
A1P120010,
A1P120011,
A1P120012,
A1P120014,
A1P120015,
A1P120016,
A1P120017,
A1P120020,
A1P120021,
A1P120022,
A1P120023,
A1P120025,
A1P120026,
A1P120027,
A1P120028,
A1P120029,
A1P120030,
A1P120031,
A1P120032,
A1P120033,
A1P120034,
A1P120035,
A1P120036,
A1P120037,
A1P120038,
A1P120039,
A1P120040,
A1P120041,
A1P120042,
A1P120043,
A1P120044,
A1P120045,
A1P120046,
A1P120047,
A1P120048,
A1P120049,
A1P120050,
A1P120051,
A1P120052,
A1P120053,
A1P120054,
A1P120055,
A1P120056,
A1P120057,
A1P120058,
A1P120059,
A1P120060,
A1P120061,
A1P120062,
A1P120063,
A1P120064,
A1P120065,
A1P120066,
A1P120067,
A1P120068,
A1P120069,
A1P120070,
A1P120071,
A1P120072,
A1P120073,
A1P120074,
A1P120075,
A1P120076,
A1P120077,
A1P120078,
A1P120079,
A1P120080,
A1P120081,
A1P120082,
A1P120083,
A1P120084,
A1P120085,
A1P120086,
A1P120087,
A1P120088,
A1P120089,
A1P120090,
A1P120091,
A1P120092,
A1P120093,
A1P120094,
A1P120095,
A1P120096,
A1P120097,
A1P120098,
A1P120099,
A1P120100,
A1P120101,
A1P120102,
A1P120103,
A1P120104,
A1P120106,
A1P120107,
A1P120108,
A1P120109,
A1A213065,
A1A213078,
A1A213085,
A1A213095,
A1A214051,
A1A214078,
A1A214094,
A1A214112,
A1A214118,
A1A214132,
A1A214143,
A1N115007,
A1N115012,
A1N115038,
A1N115069,
A1N115078,
A1N115086,
A1N115089,
A1N115098,
A1N115099,
A1N115110,
A1N115123,
A1N115135,
A1N115137,
A1N115147,
A1N115159,
A1N116014,
A1N116016,
A1N116021,
A1N116022,
A1N116026,
A1N116030,
A1N116031,
A1N116035,
A1N116036,
A1N116039,
A1N116045,
A1N116047,
A1N116050,
A1N116053,
A1N116062,
A1N116064,
A1N116067,
A1N116068,
A1N116069,
A1N116073,
A1N116074,
A1N116076,
A1N116084,
A1N116085,
A1N116092,
A1N116095,
A1N116097,
A1N116099,
A1N116100,
A1N116101,
A1N116102,
A1N116105,
A1N117001,
A1N117002,
A1N117003,
A1N117005,
A1N117006,
A1N117007,
A1N117008,
A1N117009,
A1N117010,
A1N117011,
A1N117012,
A1N117013,
A1N117014,
A1N117015,
A1N117016,
A1N117017,
A1N117018,
A1N117021,
A1N117022,
A1N117023,
A1N117024,
A1N117025,
A1N117026,
A1N117027,
A1N117028,
A1N117029,
A1N117030,
A1N117031,
A1N117032,
A1N117033,
A1N117034,
A1N117035,
A1N117037,
A1N117038,
A1N117039,
A1N117040,
A1N117042,
A1N117043,
A1N117044,
A1N117046,
A1N117047,
A1N117048,
A1N117049,
A1N117051,
A1N117053,
A1N117054,
A1N117055,
A1N117056,
A1N117057,
A1N117059,
A1N117060,
A1N117061,
A1N117062,
A1N117063,
A1N117064,
A1N117065,
A1N117066,
A1N117067,
A1N117068,
A1N117069,
A1N117070,
A1N117071,
A1N117074,
A1N117075,
A1N117076,
A1N117078,
A1N117079,
A1N117081,
A1N117082,
A1N117083,
A1N117084,
A1N117085,
A1N117086,
A1N117087,
A1N117088,
A1N117089,
A1N117090,
A1N117091,
A1N117093,
A1N117094,
A1N117095,
A1N117096,
A1N117098,
A1N117099,
A1N117100,
A1N117101,
A1N117102,
A1N117103,
A1N117104,
A1N117105,
A1N117107,
A1N117108,
A1N117109,
A1N117110,
A1N117111,
A1N117112,
A1N117114,
A1N117115,
A1N117116,
A1N117119,
A1N118001,
A1N118002,
A1N118003,
A1N118004,
A1N118005,
A1N118006,
A1N118007,
A1N118008,
A1N118009,
A1N118010,
A1N118011,
A1N118012,
A1N118013,
A1N118014,
A1N118015,
A1N118016,
A1N118017,
A1N118018,
A1N118019,
A1N118020,
A1N118021,
A1N118022,
A1N118023,
A1N118024,
A1N118025,
A1N118026,
A1N118027,
A1N118028,
A1N118029,
A1N118030,
A1N118031,
A1N118032,
A1N118033,
A1N118034,
A1N118035,
A1N118036,
A1N118037,
A1N118038,
A1N118039,
A1N118040,
A1N118041,
A1N118042,
A1N118043,
A1N118044,
A1N118045,
A1N118046,
A1N118047,
A1N118048,
A1N118049,
A1N118050,
A1N118051,
A1N118052,
A1N118053,
A1N118054,
A1N118055,
A1N118056,
A1N118057,
A1N118058,
A1N118059,
A1N118060,
A1N118061,
A1N118062,
A1N118064,
A1N118065,
A1N118066,
A1N118067,
A1N118068,
A1N118069,
A1N118070,
A1N118071,
A1N118072,
A1N118074,
A1N118075,
A1N118076,
A1N118078,
A1N118079,
A1N118080,
A1N118081,
A1N118082,
A1N118083,
A1N118084,
A1N118085,
A1N118086,
A1N118087,
A1N118088,
A1N118089,
A1N118090,
A1N118091,
A1N118092,
A1N118093,
A1N118095,
A1N118096,
A1N118098,
A1N118099,
A1N118100,
A1N118101,
A1N118102,
A1N118103,
A1N118104,
A1N118105,
A1N118106,
A1N118107,
A1N118108,
A1N118109,
A1N118110,
A1N118112,
A1N118113,
A1N118114,
A1N118115,
A1N118116,
A1N118117,
A1N118118,
A1N118119,
A1N118121,
A1N118122,
A1N118123,
A1N118124,
A1N118125,
A1N118126,
A1N118127,
A1N118130,
A1N118131,
A1N118133,
A1N118134,
A1N118135,
A1N118136,
A1N118137,
A1N118138,
A1N118139,
A1N118140,
A1N118141,
A1N118142,
A1N118143,
A1N118144,
A1N118145,
A1N118146,
A1N118147,
A1N118148,
A1N118149,
A1N118150,
A1N118152,
A1N118153,
A1N118154,
A1N118156,
A1N118157,
A1N118159,
A1N118160,
A1N118161,
A1N119001,
A1N119002,
A1N119003,
A1N119004,
A1N119005,
A1N119008,
A1N119009,
A1N119010,
A1N119011,
A1N119012,
A1N119013,
A1N119014,
A1N119015,
A1N119016,
A1N119017,
A1N119018,
A1N119019,
A1N119020,
A1N119021,
A1N119022,
A1N119024,
A1N119025,
A1N119026,
A1N119027,
A1N119028,
A1N119029,
A1N119030,
A1N119031,
A1N119032,
A1N119033,
A1N119035,
A1N119036,
A1N119037,
A1N119039,
A1N119040,
A1N119041,
A1N119042,
A1N119043,
A1N119044,
A1N119046,
A1N119047,
A1N119048,
A1N119049,
A1N119050,
A1N119051,
A1N119052,
A1N119053,
A1N119055,
A1N119056,
A1N119057,
A1N119058,
A1N119059,
A1N119060,
A1N119061,
A1N119062,
A1N119063,
A1N119064,
A1N119065,
A1N119066,
A1N119067,
A1N119068,
A1N119069,
A1N119070,
A1N119071,
A1N119073,
A1N119074,
A1N119076,
A1N119077,
A1N119078,
A1N119079,
A1N119080,
A1N119081,
A1N119082,
A1N119083,
A1N119084,
A1N119086,
A1N119087,
A1N119088,
A1N119089,
A1N119090,
A1N119092,
A1N119093,
A1N119094,
A1N119095,
A1N119096,
A1N120001,
A1N120003,
A1N120004,
A1N120005,
A1N120006,
A1N120007,
A1N120008,
A1N120009,
A1N120010,
A1N120011,
A1N120012,
A1N120013,
A1N120014,
A1N120015,
A1N120016,
A1N120017,
A1N120018,
A1N120019,
A1N120020,
A1N120021,
A1N120022,
A1N120023,
A1N120025,
A1N120026,
A1N120027,
A1N120028,
A1N120029,
A1N120030,
A1N120031,
A1N120032,
A1N120033,
A1N120034,
A1N120035,
A1N120036,
A1N120038,
A1N120039,
A1N120041,
A1N120042,
A1N120043,
A1N120044,
A1N120045,
A1N120046,
A1N120047,
A1N120048,
A1N120049,
A1N120050,
A1N120051,
A1N120052,
A1N120053,
A1N120054,
A1N120055,
A1N120056,
A1N120057,
A1N120058,
A1N120060,
A1N120061,
A1N120062,
A1N120063,
A1N120064,
A1N120065,
A1N120066,
A1N120067,
A1N120068,
A1N120069,
A1N120070,
A1N120071,
A1N120072,
A1N120073,
A1N120074,
A1N120075,
A1N120077,
A1N120078,
A1N120079,
A1N120080,
A1N120081,
A1N120082,
A1N120083,
A1N120084,
A1N120085,
A1N120086,
A1N120087,
A1N120088,
A1N120089,
A1N120090,
A1N120091,
A1N120092,
A1N120093,
A1N120094,
A1N120095,
A1N120096,
A1N120097,
A1N120098,
A1N120099,
A1N120100,
A1N120101,
A1N120102,
A1N120103,
A1N120104,
A1N120105,
A1N120106,
A1N120107,
A1N120108,
A1N120109,
A1N216004,
A1N216007,
A1N216008,
A1N216009,
A1N216010,
A1N216012,
A1N216014,
A1N216016,
A1N216021,
A1N216025,
A1N216032,
A1N216049,
A1N216054,
A1N216056,
A1N216058,
A1N216062,
A1N216066,
A1N216067,
A1N216070,
A1N216075,
A1N216076,
A1N216077,
A1N216080,
A1N216087,
A1N216089,
A1N216091,
A1N216097,
A1N216102,
A1N216110,
A1N216114,
A1N216116,
A1N316002,
A1N316007,
A1N316008,
A1N316011,
A1N316017,
A1N316020,
A1N316021,
A1N316025,
A1N316026,
A1N316028,
A1N316035,
A1N316036,
A1N316039,
A1N316051,
A1N316058,
A1N316059,
A1N316060,
A1N316067,
A1N316068,
A1N316070,
A1N316071,
A1N316072,
A1N316073,
A1N316074,
A1A616002,
A1A616003,
A1A616004,
A1A616005,
A1A616006,
A1A616008,
A1A616009,
A1A616010,
A1A616011,
A1A616012,
A1A616013,
A1A616017,
A1A616018,
A1A616019,
A1A616020,
A1A616021,
A1A616023,
A1A616025,
A1A616026,
A1A616027,
A1A616028,
A1A616029,
A1A616031,
A1A616033,
A1A616034,
A1A616035,
A1A616037,
A1A616038,
A1A616039,
A1A616045,
A1A616046,
A1A616047,
A1A616048,
A1A616049,
A1A616050,
A1A616052,
A1A616053,
A1A616054,
A1A616055,
A1A616056,
A1A616057,
A1A616061,
A1A616062,
A1A616063,
A1A616064,
A1A616066,
A1A616069,
A1A616070,
A1A616071,
A1A616072,
A1A616073,
A1A616075,
A1A616076,
A1A616077,
A1A616078,
A1A616082,
A1A618001,
A1A618002,
A1A618003,
A1A618005,
A1A618006,
A1A618007,
A1A618008,
A1A618010,
A1A618011,
A1A618013,
A1A618015,
A1A618016,
A1A618017,
A1A618018,
A1A618019,
A1A618020,
A1A618022,
A1A618023,
A1A618024,
A1A618025,
A1A618026,
A1A618027,
A1A618028,
A1A618029,
A1A618030,
A1A618031,
A1A618032,
A1A618033,
A1A618034,
A1A618035,
A1A618036,
A1A618037,
A1A618039,
A1A618040,
A1A618041,
A1A618042,
A1A618043,
A1A618045,
A1A618046,
A1A618047,
A1A618048,
A1A618049,
A1A618051,
A1A618052,
A1A618053,
A1A618054,
A1A618055,
A1A618056,
A1A618058,
A1A618061,
A1A618063,
A1A619001,
A1A619003,
A1A619004,
A1A619005,
A1A619006,
A1A619008,
A1A619009,
A1A619010,
A1A619012,
A1A619013,
A1A619016,
A1A619017,
A1A619018,
A1A619019,
A1A619020,
A1A619021,
A1A619022,
A1A619023,
A1A619024,
A1A619025,
A1A619026,
A1A619027,
A1A619029,
A1A619030,
A1A619031,
A1A619032,
A1A619033,
A1A619034,
A1A619035,
A1A619036,
A1A619037,
A1A619038,
A1A619039,
A1A619040,
A1A619041,
A1A619042,
A1A619043,
A1A619044,
A1A619045,
A1A619046,
A1A619047,
A1A619048,
A1A619049,
A1A619050,
A1A619051,
A1A619052,
A1A619053,
A1A619054,
A1A619055,
A1A619056,
A1A619057,
A1A619058,
A1A619059,
A1A619060,
A1A619061,
A1A619062,
A1A619063,
A1A619065,
A1A619066,
A1A619067,
A1A619068,
A1A619069,
A1A619070,
A1A619071,
A1A619075,
A1A619077,
A1A619079,
A1A619080,
A1A619081,
A1A619082,
A1A619083,
A1A619084,
A1A619085,
A1A620001,
A1A620002,
A1A620003,
A1A620004,
A1A620005,
A1A620006,
A1A620007,
A1A620008,
A1A620009,
A1A620010,
A1A620011,
A1A620012,
A1A620013,
A1A620015,
A1A620016,
A1A620017,
A1A620018,
A1A620019,
A1A620020,
A1A620021,
A1A620022,
A1A620023,
A1A620024,
A1A620025,
A1A620026,
A1A620027,
A1A620028,
A1A620029,
A1A620030,
A1A620031,
A1A620032,
A1A620033,
A1A620034,
A1A620035,
A1A620036,
A1A620037,
A1A620038,
A1A620039,
A1A620040,
A1A620041,
A1A620042,
A1A620043,
A1A620044,
A1A620045,
A1A620046,
A1A620047,
A1A620048,
A1A620049,
A1A620050,
A1A620051,
A1A620052,
A1A620053,
A1A620054,
A1A620055,
A1A620056,
A1A620057,
A1A620058,
A1A620059,
A1A620060,
A1A620061,
A1A620062,
A1A620063,
A1A620064,
A1A620065,
A1A620066,
A1A620067,
A1A620068,
A1B117001,
A1B117002,
A1B117003,
A1B117006,
A1B117007,
A1B117008,
A1B117009,
A1B117010,
A1B117011,
A1B117012,
A1B117013,
A1B117014,
A1B117015,
A1B117016,
A1B117017,
A1B117018,
A1B117019,
A1B117020,
A1B117021,
A1B117022,
A1B117023,
A1B117024,
A1B117025,
A1B117028,
A1B117030,
A1B117031,
A1B117032,
A1B117033,
A1B117035,
A1B117036,
A1B117038,
A1B117039,
A1B117040,
A1B117041,
A1B117042,
A1B117044,
A1B117045,
A1B117046,
A1B117047,
A1B117048,
A1B117049,
A1B117050,
A1B117051,
A1B117053,
A1B117055,
A1B117056,
A1B117057,
A1B117058,
A1B117060,
A1B117061,
A1B117062,
A1B117063,
A1B117064,
A1B117065,
A1B117066,
A1B113002,
A1B113007,
A1B113010,
A1B113078,
A1B113096,
A1B114017,
A1B114031,
A1B114040,
A1B114044,
A1B114060,
A1B114066,
A1B114086,
A1Q115001,
A1Q115002,
A1Q115005,
A1Q115020,
A1Q115024,
A1Q115029,
A1Q115034,
A1Q115037,
A1Q115040,
A1Q115042,
A1Q115044,
A1Q115047,
A1Q115048,
A1Q115056,
A1Q115057,
A1Q115066,
A1Q115068,
A1Q115069,
A1Q115070,
A1Q115074,
A1Q115075,
A1q115077,
A1Q115078,
A1Q115082,
A1Q115085,
A1Q115086,
A1Q115093,
A1Q115101,
A1Q115105,
A1Q115117,
A1Q115133,
A1Q116006,
A1Q116010,
A1Q116012,
A1Q116014,
A1Q116019,
A1Q116020,
A1Q116024,
A1Q116025,
A1Q116027,
A1Q116030,
A1Q116031,
A1Q116036,
A1Q116038,
A1Q116039,
A1Q116040,
A1Q116041,
A1Q116042,
A1Q116043,
A1Q116045,
A1Q116048,
A1Q116049,
A1Q116052,
A1Q116054,
A1Q116056,
A1Q116057,
A1Q116059,
A1Q116061,
A1Q116062,
A1Q116064,
A1Q116065,
A1Q116066,
A1Q116068,
A1Q116069,
A1Q116071,
A1Q116074,
A1Q116075,
A1Q116078,
A1Q116081,
A1Q116082,
A1Q116084,
A1Q116087,
A1Q116089,
A1Q116090,
A1Q116091,
A1Q116094,
A1Q116096,
A1Q116098,
A1Q116100,
A1Q116101,
A1Q117001,
A1Q117002,
A1Q117004,
A1Q117005,
A1Q117006,
A1Q117008,
A1Q117009,
A1Q117010,
A1Q117011,
A1Q117013,
A1Q117014,
A1Q117015,
A1Q117016,
A1Q117017,
A1Q117018,
A1Q117019,
A1Q117020,
A1Q117021,
A1Q117022,
A1Q117023,
A1Q117027,
A1Q117029,
A1Q117030,
A1Q117031,
A1Q117032,
A1Q117033,
A1Q117034,
A1Q117035,
A1Q117036,
A1Q117037,
A1Q117038,
A1Q117039,
A1Q117040,
A1Q117041,
A1Q117042,
A1Q117043,
A1Q117044,
A1Q117046,
A1Q117047,
A1Q117048,
A1Q117049,
A1Q117050,
A1Q117052,
A1Q117053,
A1Q117054,
A1Q117055,
A1Q117056,
A1Q117057,
A1Q117058,
A1Q117059,
A1Q117062,
A1Q117063,
A1Q117064,
A1Q117065,
A1Q117066,
A1Q117067,
A1Q118001,
A1Q118002,
A1Q118003,
A1Q118004,
A1Q118005,
A1Q118006,
A1Q118007,
A1Q118008,
A1Q118010,
A1Q118011,
A1Q118012,
A1Q118013,
A1Q118014,
A1Q118015,
A1Q118016,
A1Q118017,
A1Q118018,
A1Q118019,
A1Q118020,
A1Q118021,
A1Q118023,
A1Q118024,
A1Q118025,
A1Q118026,
A1Q118027,
A1Q118028,
A1Q118029,
A1Q118031,
A1Q118032,
A1Q118033,
A1Q118034,
A1Q118035,
A1Q118036,
A1Q118037,
A1Q118039,
A1Q118040,
A1Q118041,
A1Q118042,
A1Q118043,
A1Q118044,
A1Q118045,
A1Q118046,
A1Q118047,
A1Q118048,
A1Q118049,
A1Q118051,
A1Q118052,
A1Q118053,
A1Q118054,
A1Q118055,
A1Q118056,
A1Q118057,
A1Q118058,
A1Q118059,
A1Q118060,
A1Q118061,
A1Q118062,
A1Q118063,
A1Q118064,
A1Q118065,
A1Q118066,
A1Q118067,
A1Q118070,
A1Q119001,
A1Q119002,
A1Q119003,
A1Q119004,
A1Q119005,
A1Q119006,
A1Q119007,
A1Q119008,
A1Q119009,
A1Q119010,
A1Q119013,
A1Q119014,
A1Q119015,
A1Q119016,
A1Q119017,
A1Q119018,
A1Q119021,
A1Q119022,
A1Q119023,
A1Q119024,
A1Q119025,
A1Q119026,
A1Q119027,
A1Q119028,
A1Q119029,
A1Q119030,
A1Q119031,
A1Q119032,
A1Q119033,
A1Q119034,
A1Q119036,
A1Q119037,
A1Q119038,
A1Q119039,
A1Q119040,
A1Q119041,
A1Q119042,
A1Q119043,
A1Q119044,
A1Q119045,
A1Q119047,
A1Q119049,
A1Q119050,
A1Q119051,
A1Q119053,
A1Q119054,
A1Q119055,
A1Q119056,
A1Q119057,
A1Q119058,
A1Q119059,
A1Q119060,
A1Q119061,
A1Q119062,
A1Q119064,
A1Q119065,
A1Q119066,
A1Q119067,
A1Q119068,
A1Q119069,
A1Q119070,
A1Q119071,
A1Q119072,
A1Q119073,
A1Q119074,
A1Q119075,
A1Q119076,
A1Q119077,
A1Q119078,
A1Q119079,
A1Q119080,
A1Q119082,
A1Q119084,
A1Q119085,
A1Q119086,
A1Q119087,
A1Q119088,
A1Q119089,
A1Q119090,
A1Q119091,
A1Q119092,
A1Q119093,
A1Q119094,
A1Q119095,
A1Q119096,
A1Q119097,
A1Q119098,
A1Q119099,
A1Q119100,
A1Q120001,
A1Q120002,
A1Q120003,
A1Q120004,
A1Q120005,
A1Q120006,
A1Q120007,
A1Q120008,
A1Q120009,
A1Q120010,
A1Q120011,
A1Q120012,
A1Q120013,
A1Q120014,
A1Q120015,
A1Q120016,
A1Q120017,
A1Q120018,
A1Q120019,
A1Q120020,
A1Q120021,
A1Q120022,
A1Q120023,
A1Q120024,
A1Q120025,
A1Q120026,
A1Q120027,
A1Q120028,
A1Q120029,
A1Q120030,
A1Q120031,
A1Q120032,
A1Q120033,
A1Q120034,
A1Q120035,
A1Q120036,
A1Q120037,
A1Q120038,
A1Q120039,
A1Q120040,
A1Q120041,
A1Q120042,
A1Q120043,
A1Q120044,
A1Q120045,
A1Q120046,
A1Q120047,
A1Q120048,
A1Q120049,
A1Q120050,
A1Q120051,
A1Q120052,
A1Q120053,
A1Q120054,
A1Q120055,
A1Q120056,
A1Q120057,
A1Q120058,
A1Q120059,
A1Q120060,
A1Q120061,
A1Q120062,
A1Q120063,
A1Q120064,
A1Q120065,
A1Q120066,
A1Q120067,
A1Q120068,
A1Q120069,
A1Q120070,
A1Q120071,
A1Q120072,
A1Q120073,
A1Q120074,
A1Q120075,
A1Q120076,
A1Q120077,
A1Q120078,
A1Q120079,
A1Q120080,
A1Q120081,
A1Q120082,
A1Q120083,
A1Q120084,
A1Q120085,
A1Q120086,
A1Q120087,
A1Q120088,
A1Q120089,
A1Q120090,
A1Q120091,
A1Q120092,
A1Q120093,
A1C113012,
A1C113016,
A1C113052,
A1C113054,
A1C113060,
A1C113084,
A1C113089,
A1C113102,
A1C113112,
A1C113117,
A1C114001,
A1C114026,
A1C114032,
A1C114053,
A1C114069,
A1C114070,
A1C114076,
A1C114084,
A1C114098,
A1C114120,
A1C114135,
A1I115001,
A1I115002,
A1I115003,
A1I115026,
A1I115038,
A1I115043,
A1I115045,
A1I115049,
A1I115051,
A1I115053,
A1I115054,
A1I115059,
A1I115061,
A1I115065,
A1I115066,
A1I115067,
A1I115071,
A1I115093,
A1I115095,
A1I115097,
A1I115102,
A1I115106,
A1I115107,
A1I115109,
A1I115111,
A1I115114,
A1I115118,
A1I115120,
A1I115121,
A1I115124,
A1I115135,
A1I116001,
A1I116007,
A1I116008,
A1I116010,
A1I116011,
A1I116012,
A1I116013,
A1I116014,
A1I116015,
A1I116017,
A1I116019,
A1I116020,
A1I116021,
A1I116022,
A1I116023,
A1I116025,
A1I116026,
A1I116027,
A1I116028,
A1I116029,
A1I116032,
A1I116033,
A1I116037,
A1I116038,
A1I116039,
A1I116043,
A1I116045,
A1I116046,
A1I116047,
A1I116049,
A1I116053,
A1I116054,
A1I116055,
A1I116056,
A1I116057,
A1I116059,
A1I116060,
A1I116061,
A1I116063,
A1I116064,
A1I116066,
A1I116070,
A1I116072,
A1I116073,
A1I116076,
A1I116078,
A1I116079,
A1I116080,
A1I116081,
A1I116082,
A1I116083,
A1I116084,
A1I116086,
A1I116087,
A1I116088,
A1I116089,
A1I116091,
A1I116092,
A1I116093,
A1I116095,
A1I116096,
A1I116097,
A1I116098,
A1I116101,
A1I116102,
A1I116104,
A1I116108,
A1I116109,
A1I116110,
A1I116111,
A1I116112,
A1I116113,
A1I117002,
A1I117004,
A1I117005,
A1I117006,
A1I117007,
A1I117009,
A1I117010,
A1I117011,
A1I117013,
A1I117014,
A1I117015,
A1I117016,
A1I117017,
A1I117018,
A1I117019,
A1I117021,
A1I117022,
A1I117023,
A1I117026,
A1I117028,
A1I117029,
A1I117030,
A1I117031,
A1I117032,
A1I117033,
A1I117034,
A1I117035,
A1I117036,
A1I117037,
A1I117038,
A1I117039,
A1I117040,
A1I117041,
A1I117043,
A1I117044,
A1I117045,
A1I117046,
A1I117049,
A1I117050,
A1I117052,
A1I117053,
A1I117054,
A1I117055,
A1I117056,
A1I117057,
A1I117058,
A1I117059,
A1I117060,
A1I117061,
A1I117063,
A1I117064,
A1I117065,
A1I117066,
A1I117067,
A1I117068,
A1I117070,
A1I117071,
A1I117073,
A1I117074,
A1I117075,
A1I117076,
A1I117077,
A1I117078,
A1I117079,
A1I117080,
A1I117081,
A1I117082,
A1I117083,
A1I117084,
A1I117086,
A1I117087,
A1I117088,
A1I117089,
A1I117090,
A1I117091,
A1I117092,
A1I117093,
A1I117094,
A1I117096,
A1I117097,
A1I117098,
A1I117099,
A1I117100,
A1I117102,
A1I117103,
A1I117104,
A1I117105,
A1I117106,
A1I117108,
A1I117109,
A1I117110,
A1I117111,
A1I117112,
A1I117113,
A1I117114,
A1I117115,
A1I117116,
A1I117117,
A1I117118,
A1I117119,
A1I117120,
A1I117121,
A1I117123,
A1I117124,
A1I117125,
A1I117126,
A1I117127,
A1I117128,
A1I117129,
A1I117130,
A1I117131,
A1I117132,
A1I117134,
A1I117135,
A1I117136,
A1I117137,
A1I117138,
A1I117139,
A1I117141,
A1I117142,
A1I117143,
A1I117144,
A1I117146,
A1I117147,
A1I117148,
A1I118001,
A1I118002,
A1I118003,
A1I118004,
A1I118005,
A1I118007,
A1I118008,
A1I118009,
A1I118011,
A1I118012,
A1I118013,
A1I118014,
A1I118015,
A1I118016,
A1I118017,
A1I118018,
A1I118019,
A1I118020,
A1I118021,
A1I118023,
A1I118024,
A1I118025,
A1I118026,
A1I118027,
A1I118028,
A1I118029,
A1I118030,
A1I118031,
A1I118032,
A1I118033,
A1I118034,
A1I118035,
A1I118036,
A1I118037,
A1I118038,
A1I118039,
A1I118040,
A1I118041,
A1I118042,
A1I118043,
A1I118044,
A1I118045,
A1I118046,
A1I118047,
A1I118048,
A1I118049,
A1I118050,
A1I118051,
A1I118052,
A1I118053,
A1I118054,
A1I118055,
A1I118056,
A1I118057,
A1I118058,
A1I118059,
A1I118060,
A1I118061,
A1I118062,
A1I118063,
A1I118064,
A1I118065,
A1I118066,
A1I119002,
A1I119003,
A1I119004,
A1I119005,
A1I119006,
A1I119007,
A1I119008,
A1I119009,
A1I119010,
A1I119012,
A1I119013,
A1I119014,
A1I119015,
A1I119016,
A1I119017,
A1I119018,
A1I119019,
A1I119020,
A1I119023,
A1I119024,
A1I119025,
A1I119026,
A1I119027,
A1I119028,
A1I119030,
A1I119031,
A1I119032,
A1I119033,
A1I119034,
A1I119035,
A1I119036,
A1I119037,
A1I119038,
A1I119040,
A1I119041,
A1I119042,
A1I119043,
A1I119044,
A1I119045,
A1I119046,
A1I119047,
A1I119048,
A1I119049,
A1I119050,
A1I119051,
A1I119052,
A1I119053,
A1I119054,
A1I119055,
A1I119056,
A1I119057,
A1I119058,
A1I119059,
A1I119060,
A1I119061,
A1I119062,
A1I119063,
A1I119064,
A1I119065,
A1I119066,
A1I119067,
A1I119068,
A1I119069,
A1I119070,
A1I119071,
A1I119072,
A1I119073,
A1I119074,
A1I119075,
A1I119076,
A1I119077,
A1I119078,
A1I119079,
A1I119080,
A1I119081,
A1I119082,
A1I119083,
A1I119084,
A1I119085,
A1I119086,
A1I119087,
A1I119088,
A1I119089,
A1I119090,
A1I119091,
A1I119092,
A1I119093,
A1I119094,
A1I119095,
A1I119096,
A1I119097,
A1I119098,
A1I119099,
A1I120002,
A1I120003,
A1I120004,
A1I120006,
A1I120007,
A1I120008,
A1I120009,
A1I120010,
A1I120011,
A1I120012,
A1I120013,
A1I120014,
A1I120015,
A1I120016,
A1I120017,
A1I120018,
A1I120019,
A1I120020,
A1I120022,
A1I120023,
A1I120024,
A1I120025,
A1I120026,
A1I120027,
A1I120028,
A1I120029,
A1I120030,
A1I120031,
A1I120032,
A1I120033,
A1I120034,
A1I120035,
A1I120036,
A1I120037,
A1I120038,
A1I120039,
A1I120040,
A1I120041,
A1I120042,
A1I120043,
A1I120044,
A1I120045,
A1I120046,
A1I120047,
A1I120048,
A1I120049,
A1I120050,
A1I120051,
A1I120052,
A1I120053,
A1I120054,
A1I120055,
A1I120056,
A1I120057,
A1I120058,
A1I120059,
A1I120060,
A1I120061,
A1I120062,
A1I120063,
A1I120064,
A1I120065,
A1I120066,
A1I120067,
A1I120068,
A1I120069,
A1I120070,
A1I120071,
A1I120072,
A1I120073,
A1I120074,
A1I120075,
A1I120076,
A1I120077,
A1I120078,
A1I120079,
A1I120080,
A1I120081,
A1I120082,
A1I120083,
A1I120084,
A1I120085,
A1I120086,
A1I120087,
A1I120088,
A1I120089,
A1I120090,
A1I120091,
A1I120092,
A1I120093,
A1I120094,
A1I120095,
A1I120096,
A1I120097,
A1I120098,
A1I120100,
A1I120101,
A1I120102,
A1I120103,
A1I120104,
A1I120105,
A1I120106,
A1I120107,
A1I120108,
A1I120109,
A1I120110,
A1I120111,
A1I120112,
A1I120113,
A1I120114,
A1I120115,
A1I120116,
A1I120117,
A1I120118,
A1I120119,
A1I120120,
A1I216005,
A1I216009,
A1I216010,
A1I216012,
A1I216013,
A1I216015,
A1I216018,
A1I216020,
A1I216026,
A1I216027,
A1I216035,
A1I216039,
A1I216040,
A1I216041,
A1I216042,
A1I216043,
A1I216045,
A1I216047,
A1I216048,
A1I216049,
A1I216050,
A1I216052,
A1I216054,
A1I216056,
A1I216057,
A1I216059,
A1I216060,
A1I216061,
A1I216062,
A1I216063,
A1I216064,
A1I216066,
A1I216068,
A1I216070,
A1I216072,
A1I216073,
A1I216074,
A1I216075,
A1I216076,
A1I216077,
A1I216078,
A1I216080,
A1I216081,
A1I216082,
A1I216084,
A1I216085,
A1I216086,
A1I216087,
A1I216088,
A1I216089,
A1I216091,
A1I216094,
A1I216095,
A1I216096,
A1I216097,
A1I216098,
A1I216099,
A1I216100,
A1I216102,
A1I216105,
A1C213014,
A1C213018,
A1C213051,
A1C213052,
A1C213060,
A1C213062,
A1C213080,
A1C213081,
A1C213088,
A1C213089,
A1C213094,
A1C213095,
A1C213108,
A1C213109,
A1C213121,
A1C214001,
A1C214003,
A1C214008,
A1C214012,
A1C214020,
A1C214023,
A1C214025,
A1C214027,
A1C214028,
A1C214031,
A1C214033,
A1C214037,
A1C214054,
A1C214055,
A1C214058,
A1C214061,
A1C214062,
A1C214063,
A1C214067,
A1C214068,
A1C214069,
A1C214075,
A1C214076,
A1C214077,
A1C214081,
A1C214083,
A1C214089,
A1C214090,
A1C214091,
A1C214092,
A1C214094,
A1C214099,
A1C214101,
A1C214106,
A1J115003,
A1J115004,
A1J115005,
A1J115006,
A1J115007,
A1J115009,
A1J115010,
A1J115011,
A1J115012,
A1J115014,
A1J115015,
A1J115017,
A1J115018,
A1J115021,
A1J115022,
A1J115023,
A1J115025,
A1J115027,
A1J115028,
A1J115029,
A1J115035,
A1J115037,
A1J115039,
A1J115041,
A1J115043,
A1J115044,
A1J115045,
A1J115047,
A1J115050,
A1J115051,
A1J115053,
A1J115055,
A1J115057,
A1J115061,
A1J115064,
A1J115066,
A1J115069,
A1J115070,
A1J115072,
A1J115074,
A1J115075,
A1J115076,
A1J115079,
A1J115080,
A1J115082,
A1J115084,
A1J115087,
A1J115088,
A1J115090,
A1J115091,
A1J115094,
A1J115099,
A1J115100,
A1J115101,
A1J115103,
A1J115106,
A1J115107,
A1J115111,
A1J115113,
A1J116001,
A1J116002,
A1J116003,
A1J116004,
A1J116005,
A1J116006,
A1J116007,
A1J116008,
A1J116009,
A1J116010,
A1J116014,
A1J116015,
A1J116016,
A1J116018,
A1J116019,
A1J116021,
A1J116022,
A1J116023,
A1J116025,
A1J116026,
A1J116027,
A1J116029,
A1J116031,
A1J116032,
A1J116033,
A1J116034,
A1J116035,
A1J116036,
A1J116037,
A1J116039,
A1J116040,
A1J116042,
A1J116043,
A1J116044,
A1J116045,
A1J116046,
A1J116048,
A1J116049,
A1J116050,
A1J116051,
A1J116052,
A1J116053,
A1J116054,
A1J116055,
A1J116056,
A1J116057,
A1J116061,
A1J116063,
A1J116065,
A1J116067,
A1J116068,
A1J116069,
A1J116070,
A1J116071,
A1J116072,
A1J116073,
A1J116074,
A1J116076,
A1J116077,
A1J116078,
A1J116080,
A1J116081,
A1J116082,
A1J116083,
A1J116085,
A1J116086,
A1J116088,
A1J116089,
A1J116090,
A1J116091,
A1J116092,
A1J116093,
A1J116094,
A1J116096,
A1J116097,
A1J116098,
A1J116099,
A1J116101,
A1J116103,
A1J116104,
A1J116106,
A1J116107,
A1J116108,
A1J116109,
A1J116110,
A1J117001,
A1J117002,
A1J117003,
A1J117004,
A1J117005,
A1J117007,
A1J117008,
A1J117009,
A1J117010,
A1J117015,
A1J117018,
A1J117019,
A1J117020,
A1J117023,
A1J117024,
A1J117026,
A1J117027,
A1J117029,
A1J117030,
A1J117032,
A1J117033,
A1J117034,
A1J117036,
A1J117038,
A1J117040,
A1J117041,
A1J117043,
A1J117044,
A1J117045,
A1J117046,
A1J117048,
A1J117049,
A1J117050,
A1J117051,
A1J117052,
A1J117054,
A1J117055,
A1J117057,
A1J117058,
A1J117059,
A1J117060,
A1J117061,
A1J117062,
A1J117063,
A1J117064,
A1J117066,
A1J117067,
A1J117068,
A1J117069,
A1J117070,
A1J117071,
A1J117072,
A1J117073,
A1J117074,
A1J117075,
A1J117076,
A1J117077,
A1J118001,
A1J118002,
A1J118003,
A1J118004,
A1J118006,
A1J118007,
A1J118008,
A1J118009,
A1J118010,
A1J118011,
A1J118012,
A1J118013,
A1J118014,
A1J118015,
A1J118016,
A1J118017,
A1J118019,
A1J118020,
A1J118021,
A1J118022,
A1J118024,
A1J118025,
A1J118026,
A1J118027,
A1J118028,
A1J118030,
A1J118031,
A1J118032,
A1J118033,
A1J118034,
A1J118035,
A1J118037,
A1J118038,
A1J118039,
A1J118040,
A1J118041,
A1J118042,
A1J118043,
A1J118044,
A1J118045,
A1J118046,
A1J118047,
A1J118048,
A1J118049,
A1J118050,
A1J118051,
A1J118052,
A1J118053,
A1J118054,
A1J118055,
A1J118056,
A1J118057,
A1J118058,
A1J118061,
A1J118062,
A1J119001,
A1J119002,
A1J119003,
A1J119004,
A1J119005,
A1J119006,
A1J119007,
A1J119009,
A1J119010,
A1J119011,
A1J119012,
A1J119013,
A1J119014,
A1J119015,
A1J119016,
A1J119017,
A1J119018,
A1J119019,
A1J119020,
A1J119021,
A1J119022,
A1J119023,
A1J119024,
A1J119025,
A1J119026,
A1J119027,
A1J119028,
A1J119029,
A1J119030,
A1J119032,
A1J119033,
A1J119034,
A1J119035,
A1J119036,
A1J119037,
A1J119038,
A1J119039,
A1J119040,
A1J119041,
A1J119042,
A1J119043,
A1J119044,
A1J119045,
A1J119046,
A1J119047,
A1J119048,
A1J119050,
A1J119051,
A1J119052,
A1J119053,
A1J119054,
A1J119055,
A1J119056,
A1J119057,
A1J120001,
A1J120002,
A1J120003,
A1J120004,
A1J120005,
A1J120006,
A1J120007,
A1J120009,
A1J120010,
A1J120011,
A1J120012,
A1J120013,
A1J120014,
A1J120015,
A1J120016,
A1J120017,
A1J120018,
A1J120019,
A1J120020,
A1J120021,
A1J120022,
A1J120023,
A1J120024,
A1J120025,
A1J120026,
A1J120027,
A1J120028,
A1J120029,
A1J120030,
A1J120031,
A1J120032,
A1J120034,
A1J120035,
A1J120036,
A1J120038,
A1J120039,
A1J120040,
A1J120041,
A1J120042,
A1J120043,
A1J120044,
A1J120045,
A1J120046,
A1J120047,
A1J120048,
A1J120049,
A1J120050,
A1J120051,
A1J120052,
A1J120053,
A1J120054,
A1J120055,
A1J120056,
A1J120057,
A1J120058,
A1J120059,
A1J120060,
A1J120061,
A1J120062,
A1J120063,
A1J120064,
A1J120065,
A1J120066,
A1J120067,
A1J120068,
A1J120069,
A1J120070,
A1J120071,
A1J120072,
A1J120073,
A1J120074,
A1J120075,
A1J120076,
A1J120077,
A1J120078,
A1J120079,
A1J120080,
A1J120081,
A1J120082,
A1J120083,
A1J120084,
A1J120085,
A1J120086,
A1J120087,
A1J120088,
A1J120089,
A1J120090,
A1J120091,
A1J120092,
A1J120093,
A1J120094,
A1J120095,
A1J120096,
A1J120097,
A1J120098,
A1J120099,
A1J120100,
A1J120101,
A1J120102,
A1J120103,
A1J120104,
A1J120105,
A1J120106,
A1J120107,
A1J120108,
A1J120109,
A1J120110,
A1J120111,
A1J120112,
A1J120113,
A1J120114,
A1J120115,
A1J120116,
A1J120117,
A1J120118,
A1J120119,
A1J120120,
A1J120121,
A1J120122,
A1J120123,
A1J120124,
A1J120125,
A1C313021,
A1C313028,
A1C313034,
A1C313075,
A1C313104,
A1C314010,
A1C314015,
A1C314037,
A1C314042,
A1C314051,
A1C314055,
A1C314060,
A1C314063,
A1C314067,
A1C314079,
A1C314085,
A1K115005,
A1K115008,
A1K115009,
A1K115017,
A1K115018,
A1K115019,
A1K115022,
A1K115033,
A1K115035,
A1K115037,
A1K115038,
A1K115040,
A1K115043,
A1K115057,
A1K115058,
A1K115062,
A1K115063,
A1K115064,
A1K115066,
A1K115069,
A1K115072,
A1K115074,
A1K115082,
A1K115089,
A1K115090,
A1K115094,
A1K115097,
A1K115101,
A1K115107,
A1K115109,
A1K115110,
A1K115111,
A1K115121,
A1K115127,
A1K115129,
A1K115145,
A1K115156,
A1K115160,
A1K115162,
A1K115167,
A1K115176,
A1K115177,
A1K116001,
A1K116002,
A1K116004,
A1K116005,
A1K116006,
A1K116007,
A1K116008,
A1K116009,
A1K116010,
A1K116011,
A1K116012,
A1K116013,
A1K116015,
A1K116016,
A1K116017,
A1K116018,
A1K116019,
A1K116021,
A1K116022,
A1K116023,
A1K116024,
A1K116025,
A1K116026,
A1K116027,
A1K116028,
A1K116029,
A1K116030,
A1K116031,
A1K116032,
A1K116033,
A1K116035,
A1K116036,
A1K116037,
A1K116038,
A1K116039,
A1K116040,
A1K116041,
A1K116042,
A1K116043,
A1K116044,
A1K116045,
A1K116046,
A1K116047,
A1K116048,
A1K116050,
A1K116052,
A1K116053,
A1K116055,
A1K116058,
A1K116059,
A1K116061,
A1K116062,
A1K116063,
A1K116065,
A1K116066,
A1K116067,
A1K116068,
A1K116070,
A1K116072,
A1K116073,
A1K116074,
A1K116076,
A1K116077,
A1K116078,
A1K116079,
A1K116080,
A1K116082,
A1K116083,
A1K116085,
A1K116086,
A1K116087,
A1K116089,
A1K116090,
A1K116091,
A1K116092,
A1K116094,
A1K116095,
A1K116096,
A1K116097,
A1K116100,
A1K116101,
A1K116102,
A1K116104,
A1K116105,
A1K116107,
A1K116108,
A1K116109,
A1K116111,
A1K116113,
A1K116114,
A1K116115,
A1K116116,
A1K116117,
A1K116119,
A1K116121,
A1K116122,
A1K116123,
A1K116124,
A1K116125,
A1K116126,
A1K116128,
A1K116129,
A1K116130,
A1K116131,
A1K116132,
A1K116133,
A1K116134,
A1K116136,
A1K116137,
A1K116138,
A1K116139,
A1K116144,
A1K116145,
A1K116146,
A1K116147,
A1K117002,
A1K117003,
A1K117004,
A1K117005,
A1K117006,
A1K117007,
A1K117008,
A1K117009,
A1K117010,
A1K117012,
A1K117013,
A1K117014,
A1K117015,
A1K117017,
A1K117019,
A1K117020,
A1K117023,
A1K117024,
A1K117025,
A1K117026,
A1K117027,
A1K117028,
A1K117029,
A1K117030,
A1K117031,
A1K117032,
A1K117033,
A1K117034,
A1K117036,
A1K117037,
A1K117040,
A1K117041,
A1K117042,
A1K117043,
A1K117044,
A1K117046,
A1K117047,
A1K117048,
A1K117049,
A1K117050,
A1K117051,
A1K117052,
A1K117053,
A1K117054,
A1K117055,
A1K117056,
A1K117057,
A1K117058,
A1K117059,
A1K117060,
A1K117061,
A1K117062,
A1K117063,
A1K117064,
A1K117066,
A1K117067,
A1K117068,
A1K117069,
A1K117070,
A1K117071,
A1K117072,
A1K117073,
A1K117074,
A1K117076,
A1K117077,
A1K117078,
A1K117079,
A1K117080,
A1K117081,
A1K117082,
A1K117083,
A1K117084,
A1K117085,
A1K117086,
A1K117087,
A1K117088,
A1K117089,
A1K117090,
A1K117091,
A1K117092,
A1K117093,
A1K117094,
A1K117095,
A1K117096,
A1K117097,
A1K117098,
A1K117099,
A1K117100,
A1K117101,
A1K117102,
A1K117103,
A1K117104,
A1K117105,
A1K117106,
A1K117107,
A1K117108,
A1K117109,
A1K117110,
A1K117111,
A1K118001,
A1K118002,
A1K118003,
A1K118005,
A1K118006,
A1K118007,
A1K118008,
A1K118009,
A1K118010,
A1K118011,
A1K118012,
A1K118015,
A1K118016,
A1K118018,
A1K118019,
A1K118020,
A1K118021,
A1K118022,
A1K118023,
A1K118024,
A1K118025,
A1K118026,
A1K118027,
A1K118028,
A1K118029,
A1K118030,
A1K118031,
A1K118032,
A1K118033,
A1K118034,
A1K118035,
A1K118036,
A1K118037,
A1K118038,
A1K118039,
A1K118040,
A1K118041,
A1K118042,
A1K118043,
A1K118044,
A1K118045,
A1K118046,
A1K118047,
A1K118048,
A1K118049,
A1K118050,
A1K118051,
A1K118052,
A1K118054,
A1K118055,
A1K118056,
A1K118057,
A1K118058,
A1K118059,
A1K118060,
A1K118061,
A1K118062,
A1K118063,
A1K118064,
A1K118065,
A1K118066,
A1K118067,
A1K118068,
A1K118069,
A1K118070,
A1K118071,
A1K118072,
A1K118073,
A1K118074,
A1K118075,
A1K118076,
A1K118077,
A1K118078,
A1K118079,
A1K118080,
A1K118081,
A1K118082,
A1K118083,
A1K118084,
A1K118085,
A1K118086,
A1K118087,
A1K118088,
A1K118089,
A1K118090,
A1K118091,
A1K118092,
A1K118093,
A1K118094,
A1K118095,
A1K118096,
A1K118097,
A1K118098,
A1K118100,
A1K118101,
A1K118102,
A1K118104,
A1K118105,
A1K118106,
A1K118107,
A1K118108,
A1K118109,
A1K118110,
A1K118111,
A1K118112,
A1K118113,
A1K118114,
A1K118115,
A1K118116,
A1K118117,
A1K118118,
A1K118119,
A1K118120,
A1K118121,
A1K118123,
A1K118124,
A1K118125,
A1K118126,
A1K118127,
A1K118128,
A1K118129,
A1K118130,
A1K118131,
A1K118132,
A1K118133,
A1K118135,
A1K118136,
A1K118137,
A1K118138,
A1K118139,
A1K118141,
A1K118142,
A1K118143,
A1K119001,
A1K119002,
A1K119004,
A1K119005,
A1K119006,
A1K119007,
A1K119008,
A1K119010,
A1K119011,
A1K119012,
A1K119013,
A1K119014,
A1K119015,
A1K119016,
A1K119017,
A1K119018,
A1K119019,
A1K119020,
A1K119021,
A1K119022,
A1K119023,
A1K119024,
A1K119025,
A1K119026,
A1K119027,
A1K119028,
A1K119029,
A1K119030,
A1K119031,
A1K119032,
A1K119033,
A1K119034,
A1K119035,
A1K119037,
A1K119038,
A1K119039,
A1K119040,
A1K119043,
A1K119044,
A1K119045,
A1K119047,
A1K119048,
A1K119049,
A1K119050,
A1K119051,
A1K119052,
A1K119053,
A1K119054,
A1K119055,
A1K119056,
A1K119057,
A1K119058,
A1K119059,
A1K119060,
A1K119061,
A1K119062,
A1K119063,
A1K119064,
A1K119065,
A1K119066,
A1K119068,
A1K119069,
A1K119071,
A1K119072,
A1K119073,
A1K119074,
A1K119075,
A1K119076,
A1K119077,
A1K119078,
A1K119079,
A1K119080,
A1K119081,
A1K119082,
A1K119083,
A1K119084,
A1K119085,
A1K119086,
A1K119088,
A1K119089,
A1K119090,
A1K119091,
A1K119092,
A1K119093,
A1K119094,
A1K119095,
A1K119096,
A1K119097,
A1K119098,
A1K119099,
A1K120001,
A1K120002,
A1K120003,
A1K120004,
A1K120005,
A1K120006,
A1K120007,
A1K120008,
A1K120009,
A1K120010,
A1K120011,
A1K120012,
A1K120013,
A1K120014,
A1K120015,
A1K120016,
A1K120017,
A1K120018,
A1K120019,
A1K120020,
A1K120021,
A1K120022,
A1K120023,
A1K120024,
A1K120025,
A1K120026,
A1K120027,
A1K120028,
A1K120029,
A1K120030,
A1K120031,
A1K120032,
A1K120033,
A1K120034,
A1K120035,
A1K120036,
A1K120037,
A1K120038,
A1K120039,
A1K120040,
A1K120041,
A1K120042,
A1K120043,
A1K120044,
A1K120045,
A1K120046,
A1K120047,
A1K120048,
A1K120049,
A1K120050,
A1K120051,
A1K120052,
A1K120053,
A1K120054,
A1K120055,
A1K120056,
A1K120057,
A1K120058,
A1K120059,
A1K120060,
A1K120061,
A1K120062,
A1K120063,
A1K120064,
A1K120065,
A1K120066,
A1K120067,
A1K120068,
A1K120069,
A1K120070,
A1K120071,
A1K120072,
A1K120073,
A1K120074,
A1K120075,
A1K120076,
A1K120077,
A1K120078,
A1K120079,
A1K120080,
A1K120081,
A1K120082,
A1K120083,
A1K120084,
A1K120085,
A1K120086,
A1K120087,
A1K120088,
A1K120089,
A1K120090,
A1K120091,
A1K120092,
A1K120093,
A1K120094,
A1K120095,
A1K120096,
A1K120097,
A1K120098,
A1K120099,
A1K216001,
A1K216007,
A1K216009,
A1K216011,
A1K216012,
A1K216014,
A1K216017,
A1K216021,
A1K216024,
A1K216025,
A1K216026,
A1K216027,
A1K216028,
A1K216032,
A1K216033,
A1K216036,
A1K216041,
A1K216043,
A1K216045,
A1K216047,
A1K216050,
A1K216051,
A1K216056,
A1K216057,
A1K216058,
A1K216062,
A1K316001,
A1K316002,
A1K316008,
A1K316009,
A1K316012,
A1K316013,
A1K316015,
A1K316016,
A1K316018,
A1K316020,
A1K316021,
A1K316022,
A1K316024,
A1K316027,
A1K316029,
A1K316030,
A1K316031,
A1K316032,
A1K316035,
A1K316036,
A1K316037,
A1K316038,
A1K316040,
A1K316042,
A1K316044,
A1K316045,
A1K316047,
A1K316048,
A1K316050,
A1K316051,
A1K316053,
A1K316055,
A1K316059,
A1K316060,
A1D113059,
A1D113072,
A1D113081,
A1D113093,
A1D113121,
A1D114003,
A1D114007,
A1D114017,
A1D114020,
A1D114021,
A1D114027,
A1D114058,
A1D114071,
A1D114072,
A1D114075,
A1D114080,
A1D114083,
A1D114085,
A1D114099,
A1D114100,
A1D114105,
A1D114108,
A1D114109,
A1D114125,
A1D114127,
A1D114134,
A1D114139,
A1D213011,
A1D213012,
A1D213018,
A1D213019,
A1D213026,
A1D213030,
A1D213045,
A1D213069,
A1D213072,
A1D213075,
A1D213083,
A1D213088,
A1D213091,
A1D213096,
A1D213097,
A1D213109,
A1D213110,
A1D214006,
A1D214008,
A1D214025,
A1D214033,
A1D214035,
A1D214047,
A1D214049,
A1D214051,
A1D214053,
A1D214056,
A1D214064,
A1D214067,
A1D214068,
A1D214075,
A1D214077,
A1D214078,
A1D214079,
A1D214092,
A1D214094,
A1D214100,
A1D214106,
A1D214107,
A1D214113,
A1D214124,
A1D214127,
A1D214132,
A1D214136,
A1D214140,
A1D214147,
A1D214152,
A1D214153,
A1D214155,
A1D214164,
A1D214165,
A1D214167,
A1D214169,
A1D214170,
A1D214173,
A1M215001,
A1M215003,
A1M215004,
A1M215005,
A1M215007,
A1M215008,
A1M215013,
A1M215014,
A1M215016,
A1M215021,
A1M215022,
A1M215024,
A1M215025,
A1M215026,
A1M215028,
A1M215030,
A1M215032,
A1M215033,
A1M215034,
A1M215036,
A1M215037,
A1M215038,
A1M215041,
A1M215042,
A1M215044,
A1M215048,
A1M215049,
A1M215050,
A1M215052,
A1M215053,
A1M215055,
A1M215056,
A1M215060,
A1M215061,
A1M215065,
A1M215067,
A1M215068,
A1M215072,
A1M215073,
A1M215075,
A1M215080,
A1M215082,
A1M215083,
A1M215089,
A1M215091,
A1M215094,
A1M215095,
A1M215097,
A1M215098,
A1M215099,
A1M215102,
A1M215104,
A1M215108,
A1M215109,
A1M215110,
A1M215111,
A1M215112,
A1M215113,
A1M215118,
A1M215120,
A1M215121,
A1M215122,
A1M215124,
A1M215125,
A1M215126,
A1M215128,
A1M215129,
A1M215133,
A1M215135,
A1M215136,
A1M215140,
A1M215142,
A1M215146,
A1M215147,
A1M215158,
A1M215164,
A1M215174,
A1M216003,
A1M216004,
A1M216005,
A1M216006,
A1M216008,
A1M216010,
A1M216011,
A1M216012,
A1M216014,
A1M216015,
A1M216017,
A1M216018,
A1M216019,
A1M216021,
A1M216023,
A1M216024,
A1M216025,
A1M216026,
A1M216028,
A1M216029,
A1M216030,
A1M216031,
A1M216032,
A1M216034,
A1M216036,
A1M216037,
A1M216039,
A1M216040,
A1M216041,
A1M216042,
A1M216043,
A1M216044,
A1M216045,
A1M216048,
A1M216049,
A1M216050,
A1M216051,
A1M216052,
A1M216054,
A1M216055,
A1M216057,
A1M216058,
A1M216060,
A1M216061,
A1M216062,
A1M216063,
A1M216064,
A1M216065,
A1M216066,
A1M216067,
A1M216068,
A1M216069,
A1M216070,
A1M216071,
A1M216072,
A1M216074,
A1M216075,
A1M216078,
A1M216080,
A1M216081,
A1M216082,
A1M216083,
A1M216086,
A1M216087,
A1M216089,
A1M216090,
A1M216092,
A1M216095,
A1M216096,
A1M216098,
A1M216099,
A1M216100,
A1M216101,
A1M216104,
A1M216106,
A1M216107,
A1M216108,
A1M216110,
A1M216112,
A1M216113,
A1M216114,
A1M216115,
A1M216116,
A1M216118,
A1M216119,
A1M216120,
A1M216121,
A1M216123,
A1M216124,
A1M216125,
A1M216126,
A1M216127,
A1M216129,
A1M216130,
A1M216131,
A1M216135,
A1M216138,
A1M216141,
A1M216142,
A1M216145,
A1M217001,
A1M217002,
A1M217003,
A1M217004,
A1M217005,
A1M217008,
A1M217009,
A1M217010,
A1M217011,
A1M217012,
A1M217013,
A1M217014,
A1M217016,
A1M217017,
A1M217018,
A1M217019,
A1M217020,
A1M217023,
A1M217024,
A1M217025,
A1M217026,
A1M217027,
A1M217028,
A1M217029,
A1M217030,
A1M217031,
A1M217032,
A1M217034,
A1M217035,
A1M217036,
A1M217038,
A1M217039,
A1M217040,
A1M217041,
A1M217043,
A1M217045,
A1M217046,
A1M217047,
A1M217048,
A1M217049,
A1M217050,
A1M217052,
A1M217055,
A1M217056,
A1M217057,
A1M217058,
A1M217059,
A1M217063,
A1M217064,
A1M217066,
A1M217067,
A1M217068,
A1M217069,
A1M217070,
A1M217071,
A1M217072,
A1M217073,
A1M217074,
A1M217075,
A1M217076,
A1M217077,
A1M217078,
A1M217079,
A1M217080,
A1M217082,
A1M217083,
A1M217084,
A1M217085,
A1M217086,
A1M217087,
A1M217088,
A1M217089,
A1M217090,
A1M217091,
A1M217092,
A1M217094,
A1M217095,
A1M217096,
A1M217097,
A1M217098,
A1M217099,
A1M217100,
A1M217101,
A1M217103,
A1M217104,
A1M217105,
A1M217106,
A1M217107,
A1M218001,
A1M218003,
A1M218004,
A1M218005,
A1M218006,
A1M218007,
A1M218008,
A1M218009,
A1M218010,
A1M218011,
A1M218012,
A1M218013,
A1M218014,
A1M218015,
A1M218016,
A1M218017,
A1M218018,
A1M218019,
A1M218021,
A1M218022,
A1M218023,
A1M218024,
A1M218025,
A1M218026,
A1M218027,
A1M218028,
A1M218029,
A1M218030,
A1M218033,
A1M218034,
A1M218035,
A1M218036,
A1M218037,
A1M218038,
A1M218039,
A1M218040,
A1M218041,
A1M218042,
A1M218043,
A1M218044,
A1M218045,
A1M218046,
A1M218047,
A1M218048,
A1M218049,
A1M218050,
A1M218051,
A1M218052,
A1M218053,
A1M218054,
A1M218055,
A1M218056,
A1M218057,
A1M218058,
A1M218059,
A1M218061,
A1M218062,
A1M218063,
A1M218064,
A1M218065,
A1M218066,
A1M218068,
A1M218069,
A1M218070,
A1M218071,
A1M218072,
A1M218073,
A1M218074,
A1M218075,
A1M218076,
A1M218077,
A1M218078,
A1M218079,
A1M218080,
A1M218081,
A1M218083,
A1M218084,
A1M218085,
A1M218086,
A1M218088,
A1M218090,
A1M218091,
A1M218092,
A1M218093,
A1M218094,
A1M218095,
A1M218096,
A1M218097,
A1M218098,
A1M218100,
A1M218102,
A1M218103,
A1M218104,
A1M218105,
A1M218106,
A1M218107,
A1M218108,
A1M218109,
A1M218110,
A1M218111,
A1M218112,
A1M218113,
A1M218114,
A1M218115,
A1M218116,
A1M218117,
A1M218118,
A1M218120,
A1M218121,
A1M218122,
A1M218123,
A1M218124,
A1M218125,
A1M218127,
A1M218128,
A1M219001,
A1M219002,
A1M219003,
A1M219004,
A1M219005,
A1M219006,
A1M219007,
A1M219008,
A1M219010,
A1M219011,
A1M219012,
A1M219013,
A1M219015,
A1M219016,
A1M219017,
A1M219018,
A1M219020,
A1M219021,
A1M219023,
A1M219024,
A1M219025,
A1M219026,
A1M219027,
A1M219028,
A1M219029,
A1M219030,
A1M219033,
A1M219034,
A1M219037,
A1M219038,
A1M219039,
A1M219040,
A1M219041,
A1M219042,
A1M219043,
A1M219044,
A1M219045,
A1M219046,
A1M219047,
A1M219048,
A1M219049,
A1M219050,
A1M219052,
A1M219053,
A1M219055,
A1M219056,
A1M219057,
A1M219058,
A1M219060,
A1M219061,
A1M219062,
A1M219063,
A1M219064,
A1M219065,
A1M219066,
A1M219068,
A1M219069,
A1M219070,
A1M219071,
A1M219072,
A1M219073,
A1M219074,
A1M219075,
A1M219079,
A1M219080,
A1M219081,
A1M219082,
A1M219083,
A1M219084,
A1M219085,
A1M219087,
A1M219088,
A1M219090,
A1M219091,
A1M219092,
A1M219093,
A1M219094,
A1M219095,
A1M219097,
A1M219098,
A1M219099,
A1M219100,
A1M219102,
A1M219103,
A1M219104,
A1M219105,
A1M219106,
A1M219107,
A1M219108,
A1M219109,
A1M219110,
A1M219112,
A1M219113,
A1M219114,
A1M219115,
A1M219116,
A1M219117,
A1M219118,
A1M219119,
A1M219120,
A1M219122,
A1M219123,
A1M220001,
A1M220002,
A1M220003,
A1M220004,
A1M220005,
A1M220006,
A1M220007,
A1M220008,
A1M220011,
A1M220012,
A1M220014,
A1M220015,
A1M220016,
A1M220017,
A1M220018,
A1M220019,
A1M220020,
A1M220021,
A1M220022,
A1M220023,
A1M220024,
A1M220025,
A1M220027,
A1M220028,
A1M220029,
A1M220030,
A1M220031,
A1M220032,
A1M220033,
A1M220034,
A1M220035,
A1M220036,
A1M220037,
A1M220038,
A1M220039,
A1M220040,
A1M220041,
A1M220042,
A1M220043,
A1M220044,
A1M220045,
A1M220046,
A1M220048,
A1M220049,
A1M220050,
A1M220051,
A1M220052,
A1M220053,
A1M220054,
A1M220055,
A1M220056,
A1M220057,
A1M220058,
A1M220059,
A1M220060,
A1M220061,
A1M220062,
A1M220063,
A1M220064,
A1M220066,
A1M220067,
A1M220068,
A1M220069,
A1M220070,
A1M220071,
A1M220072,
A1M220073,
A1M220074,
A1M220075,
A1M220076,
A1M220077,
A1M220078,
A1M220079,
A1M220080,
A1M220081,
A1M220082,
A1M220083,
A1M220084,
A1M220085,
A1M220086,
A1M220087,
A1M220088,
A1M220089,
A1M220090,
A1M220091,
A1M220092,
A1M220093,
A1M220094,
A1M220095,
A1M220096,
A1M220097,
A1M220098,
A1M220099,
A1M220100,
A1M220101,
A1M220102,
A1M220103,
A1M220104,
A1M220105,
A1M220106,
A1M220107,
A1M220108,
A1M220109,
A1M220110,
A1M220111,
A1M220112,
A1M220113,
A1M220114,
A1M220115,
A1M220116,
A1M220117,
A1M220118,
A1M220119,
A1M220120,
A1M220121,
A1M220122,
A1M220123,
A1M220124,
A1M220125,
A1M220126,
A1M220127,
A1M220128,
A1M220129,
A1M220130,
A1E113094,
A1E114023,
A1E114072,
A1E114080,
A1E114101,
A1E114111,
A1E114112,
A1E114118,
A1E114136,
A1F115012,
A1F115013,
A1F115020,
A1F115031,
A1F115036,
A1F115064,
A1F115073,
A1F115081,
A1F115118,
A1F115123,
A1F115124,
A1F115128,
A1F115129,
A1F115153,
A1F115158,
A1F115160,
A1F115167,
A1F115183,
A1F115190,
A1F115200,
A1F115210,
A1F115212,
A1F115220,
A1F115224,
A1F115236,
A1F115243,
A1F115244,
A1F116006,
A1F116009,
A1F116011,
A1F116019,
A1F116021,
A1F116024,
A1F116025,
A1F116031,
A1F116033,
A1F116043,
A1F116047,
A1F116049,
A1F116050,
A1F116051,
A1F116055,
A1F116056,
A1F116057,
A1F116059,
A1F116061,
A1F116068,
A1F116069,
A1F116070,
A1F116073,
A1F116074,
A1F116076,
A1F116077,
A1F116078,
A1F116079,
A1F116080,
A1F116081,
A1F116084,
A1F116085,
A1F116086,
A1F116087,
A1F116089,
A1F116097,
A1F116098,
A1F116101,
A1F116103,
A1F116104,
A1F116105,
A1F116108,
A1F116110,
A1F116113,
A1F116114,
A1F116115,
A1F116117,
A1F116118,
A1F116120,
A1F116280,
A1F116281,
A1F116283,
A1F116284,
A1F116285,
A1F116286,
A1F116293,
A1F116294,
A1F116301,
A1F116303,
A1F116304,
A1F116306,
A1F116307,
A1F116309,
A1F116311,
A1F116318,
A1F116319,
A1F116320,
A1F116321,
A1F116324,
A1F116326,
A1F116329,
A1F116333,
A1F116334,
A1F116336,
A1F116340,
A1F116344,
A1F116347,
A1F116349,
A1F116351,
A1F116359,
A1F116367,
A1F116368,
A1F116370,
A1F116372,
A1F116374,
A1F116376,
A1F116377,
A1F116394,
A1F117001,
A1F117002,
A1F117004,
A1F117005,
A1F117006,
A1F117007,
A1F117008,
A1F117010,
A1F117011,
A1F117013,
A1F117014,
A1F117015,
A1F117016,
A1F117017,
A1F117018,
A1F117019,
A1F117020,
A1F117023,
A1F117024,
A1F117025,
A1F117026,
A1F117028,
A1F117029,
A1F117030,
A1F117031,
A1F117032,
A1F117033,
A1F117034,
A1F117035,
A1F117036,
A1F117037,
A1F117038,
A1F117039,
A1F117040,
A1F117042,
A1F117043,
A1F117044,
A1F117046,
A1F117047,
A1F117048,
A1F117049,
A1F117052,
A1F117053,
A1F117054,
A1F117055,
A1F117056,
A1F117057,
A1F117058,
A1F117059,
A1F117060,
A1F117061,
A1F117063,
A1F117064,
A1F117065,
A1F117066,
A1F117067,
A1F117068,
A1F117069,
A1F117070,
A1F117071,
A1F117072,
A1F117073,
A1F117074,
A1F117075,
A1F117076,
A1F117077,
A1F117078,
A1F117079,
A1F117080,
A1F117081,
A1F117082,
A1F117083,
A1F117084,
A1F117085,
A1F117086,
A1F117087,
A1F117088,
A1F117090,
A1F117091,
A1F117092,
A1F117093,
A1F117094,
A1F117095,
A1F117096,
A1F117097,
A1F117098,
A1F117099,
A1F117100,
A1F117101,
A1F117102,
A1F117103,
A1F117104,
A1F117105,
A1F117106,
A1F117107,
A1F117108,
A1F117109,
A1F117110,
A1F117111,
A1F117112,
A1F117114,
A1F117117,
A1F117118,
A1F117119,
A1F117121,
A1F118002,
A1F118003,
A1F118004,
A1F118005,
A1F118006,
A1F118007,
A1F118008,
A1F118009,
A1F118010,
A1F118011,
A1F118012,
A1F118013,
A1F118014,
A1F118015,
A1F118016,
A1F118017,
A1F118018,
A1F118019,
A1F118021,
A1F118023,
A1F118024,
A1F118025,
A1F118026,
A1F118027,
A1F118028,
A1F118029,
A1F118030,
A1F118031,
A1F118032,
A1F118033,
A1F118034,
A1F118035,
A1F118036,
A1F118037,
A1F118039,
A1F118040,
A1F118041,
A1F118042,
A1F118043,
A1F118044,
A1F118045,
A1F118046,
A1F118048,
A1F118049,
A1F118050,
A1F118051,
A1F118052,
A1F118053,
A1F118054,
A1F118055,
A1F118056,
A1F118058,
A1F118059,
A1F118060,
A1F118061,
A1F118063,
A1F118064,
A1F118065,
A1F118066,
A1F118067,
A1F118068,
A1F118069,
A1F118070,
A1F118072,
A1F118073,
A1F118074,
A1F118075,
A1F118077,
A1F118078,
A1F118079,
A1F118080,
A1F118081,
A1F118082,
A1F118083,
A1F118084,
A1F118085,
A1F118086,
A1F118087,
A1F118088,
A1F118089,
A1F118090,
A1F118091,
A1F118092,
A1F118093,
A1F118094,
A1F118095,
A1F119001,
A1F119002,
A1F119003,
A1F119004,
A1F119005,
A1F119006,
A1F119007,
A1F119008,
A1F119009,
A1F119010,
A1F119012,
A1F119013,
A1F119014,
A1F119015,
A1F119016,
A1F119017,
A1F119018,
A1F119019,
A1F119020,
A1F119021,
A1F119022,
A1F119023,
A1F119024,
A1F119025,
A1F119026,
A1F119027,
A1F119028,
A1F119029,
A1F119031,
A1F119032,
A1F119033,
A1F119034,
A1F119035,
A1F119036,
A1F119037,
A1F119038,
A1F119039,
A1F119040,
A1F119041,
A1F119043,
A1F119044,
A1F119045,
A1F119046,
A1F119047,
A1F119048,
A1F119049,
A1F119050,
A1F119051,
A1F119052,
A1F119053,
A1F119054,
A1F119055,
A1F119056,
A1F119057,
A1F119058,
A1F119059,
A1F119060,
A1F119061,
A1F119062,
A1F119063,
A1F119064,
A1F119065,
A1F119066,
A1F119067,
A1F119068,
A1F119069,
A1F119071,
A1F119072,
A1F119073,
A1F119074,
A1F119075,
A1F119076,
A1F119077,
A1F119078,
A1F119079,
A1F119080,
A1F119081,
A1F119082,
A1F119083,
A1F119085,
A1F119087,
A1F119088,
A1F119089,
A1F119090,
A1F119091,
A1F119094,
A1F119095,
A1F119096,
A1F119098,
A1F119099,
A1F119101,
A1F119102,
A1F119103,
A1F119104,
A1F119105,
A1F119106,
A1F119107,
A1F119108,
A1F119109,
A1F119110,
A1F119111,
A1F119112,
A1F119113,
A1F119116,
A1F119117,
A1F119118,
A1F119119,
A1F119120,
A1F119121,
A1F119122,
A1F119123,
A1F119124,
A1F119125,
A1F119126,
A1F119127,
A1F120001,
A1F120002,
A1F120003,
A1F120004,
A1F120005,
A1F120006,
A1F120007,
A1F120008,
A1F120009,
A1F120010,
A1F120011,
A1F120012,
A1F120013,
A1F120014,
A1F120015,
A1F120016,
A1F120017,
A1F120018,
A1F120019,
A1F120020,
A1F120021,
A1F120022,
A1F120023,
A1F120024,
A1F120025,
A1F120026,
A1F120027,
A1F120028,
A1F120030,
A1F120031,
A1F120032,
A1F120033,
A1F120034,
A1F120035,
A1F120036,
A1F120037,
A1F120038,
A1F120039,
A1F120040,
A1F120041,
A1F120042,
A1F120043,
A1F120044,
A1F120045,
A1F120046,
A1F120047,
A1F120048,
A1F120049,
A1F120050,
A1F120051,
A1F120053,
A1F120054,
A1F120055,
A1F120056,
A1F120057,
A1F120058,
A1F120059,
A1F120060,
A1F120061,
A1F120062,
A1F120063,
A1F120064,
A1F120065,
A1F120066,
A1F120067,
A1F120068,
A1F120069,
A1F120070,
A1F120071,
A1F120072,
A1F120073,
A1F120074,
A1F120075,
A1F120076,
A1F120077,
A1F120078,
A1F120079,
A1F120080,
A1F120081,
A1F120082,
A1F120083,
A1F120084,
A1F120085,
A1F120086,
A1F120087,
A1F120088,
A1F120089,
A1F120090,
A1F120091,
A1F120092,
A1F120093,
A1F120094,
A1F120095,
A1F120096,
A1F120097,
A1F120098,
A1F120099,
A1F120100,
A1F120101,
A1F120102,
A1F120103,
A1F120104,
A1F120105,
A1F120106,
A1F120107,
A1F120108,
A1F120109,
A1F120110,
A1F120111,
A1F120112,
A1F120113,
A1F120114,
A1F120115,
A1F120116,
A1F120117,
A1F120118,
A1F120119,
A1F120120,
A1F120121,
A1F120123,
A1F120124,
A1F120125,
A1F120126,
A1F120127,
A1F120128,
A1F120129,
A1F120130,
A1F120131,
A1F120132,
A1F120133,
A1F120134,
A1F120135,
A1F120136,
A1F120137,
A1F120138,
A1F120139,
A1F120140,
A1F120141,
A1F120142,
A1F120143,
A1F120144,
A1F120145,
A1F120146,
A1F120147,
A1F120148,
A1F120149,
A1F120150,
A1F120151,
A1F120152,
A1F120153,
A1F216002,
A1F216003,
A1F216004,
A1F216005,
A1F216009,
A1F216011,
A1F216012,
A1F216016,
A1F216017,
A1F216021,
A1F216025,
A1F216026,
A1F216033,
A1F216038,
A1F216043,
A1F216046,
A1F216048,
A1F216050,
A1F216053,
A1F216055,
A1F216069,
A1F216072,
A1F216073,
A1F216081,
A1F216085,
A1F216088,
A1F216090,
A1F216095,
A1F216101,
A1F216106,
A1F216114,
A1F216115,
A1F216116,
A1F216117,
A1F216118,
A1F216119,
A1F216120,
A1F216121,
A1F216123,
A1F216124,
A1F216125,
A1F217001,
A1F217002,
A1F217004,
A1F217007,
A1F217009,
A1F217010,
A1F217011,
A1F217012,
A1F217013,
A1F217014,
A1F217015,
A1F217016,
A1F217017,
A1F217018,
A1F217019,
A1F217021,
A1F217022,
A1F217023,
A1F217024,
A1F217026,
A1F217027,
A1F217028,
A1F217029,
A1F217030,
A1F217031,
A1F217032,
A1F217033,
A1F217034,
A1F217037,
A1F217038,
A1F217039,
A1F217041,
A1F217042,
A1F217043,
A1F217044,
A1F217045,
A1F217046,
A1F217047,
A1F217048,
A1F217049,
A1F217050,
A1F217051,
A1F217052,
A1F217053,
A1F217055,
A1F217056,
A1F217058,
A1F217059,
A1F217060,
A1F217061,
A1F217063,
A1F217064,
A1F217065,
A1F217067,
A1F217069,
A1F217070,
A1F217071,
A1F217072,
A1F217073,
A1F217075,
A1F218003,
A1F218004,
A1F218005,
A1F218006,
A1F218009,
A1F218010,
A1F218011,
A1F218013,
A1F218014,
A1F218015,
A1F218016,
A1F218017,
A1F218018,
A1F218019,
A1F218020,
A1F218021,
A1F218022,
A1F218023,
A1F218024,
A1F218025,
A1F218026,
A1F218028,
A1F218029,
A1F218030,
A1F218031,
A1F218032,
A1F218033,
A1F218035,
A1F218036,
A1F218037,
A1F218038,
A1F218039,
A1F218040,
A1F218041,
A1F218042,
A1F218043,
A1F218045,
A1F218046,
A1F218047,
A1F218048,
A1F218049,
A1F218050,
A1F218051,
A1F218052,
A1F218053,
A1F218054,
A1F218055,
A1F218056,
A1F218057,
A1F218058,
A1F218059,
A1F218060,
A1F218061,
A1F218062,
A1F218063,
A1F218064,
A1F218065,
A1F218066,
A1F218067,
A1F218068,
A1F218069,
A1F218071,
A1F218072,
A1F218073,
A1F218074,
A1F218076,
A1F218077,
A1F218078,
A1F218079,
A1F218080,
A1F218081,
A1F218083,
A1F218084,
A1F218085,
A1F218086,
A1F219001,
A1F219002,
A1F219003,
A1F219004,
A1F219006,
A1F219007,
A1F219008,
A1F219009,
A1F219010,
A1F219012,
A1F219013,
A1F219014,
A1F219016,
A1F219017,
A1F219018,
A1F219020,
A1F219021,
A1F219022,
A1F219023,
A1F219024,
A1F219025,
A1F219026,
A1F219027,
A1F219028,
A1F219029,
A1F219030,
A1F219031,
A1F219032,
A1F219033,
A1F219034,
A1F219035,
A1F219036,
A1F219037,
A1F219038,
A1F219039,
A1F219040,
A1F219041,
A1F219042,
A1F219043,
A1F219044,
A1F219045,
A1F219047,
A1F219048,
A1F219049,
A1F219050,
A1F219051,
A1F219052,
A1F219054,
A1F220002,
A1F220003,
A1F220004,
A1F220005,
A1F220008,
A1F220010,
A1F220011,
A1F220012,
A1F220013,
A1F220014,
A1F220015,
A1F220016,
A1F220017,
A1F220018,
A1F220019,
A1F220020,
A1F220022,
A1F220023,
A1F220024,
A1F220026,
A1F220027,
A1F220028,
A1F220029,
A1F220030,
A1F220031,
A1F220032,
A1F220033,
A1F220034,
A1F220035,
A1F220036,
A1F220037,
A1F220038,
A1F220039,
A1F220040,
A1F220041,
A1F220042,
A1F220043,
A1F220045,
A1F220046,
A1F220047,
A1F220048,
A1F220049,
A1F220050,
A1F220051,
A1F220052,
A1F220053,
A1F220054,
A1F220055,
A1F220056,
A1F220057,
A1F220058,
A1F220059,
A1F220060,
A1F220061,
A1F220062,
A1F220063,
A1B313046,
A1B313111,
A1B313121,
A1B314017,
A1B314052,
A1B314058,
A1B314083,
A1B314115,
A1B314117,
A1G115003,
A1G115006,
A1G115013,
A1G115015,
A1G115020,
A1G115021,
A1G115022,
A1G115033,
A1G115039,
A1G115046,
A1G115059,
A1G115062,
A1G115064,
A1G115065,
A1G115068,
A1G115069,
A1G115083,
A1G115087,
A1G115090,
A1G115096,
A1G115099,
A1G115112,
A1G115120,
A1G115121,
A1G115122,
A1G116001,
A1G116003,
A1G116004,
A1G116006,
A1G116007,
A1G116008,
A1G116012,
A1G116013,
A1G116014,
A1G116015,
A1G116016,
A1G116018,
A1G116019,
A1G116021,
A1G116022,
A1G116025,
A1G116026,
A1G116027,
A1G116028,
A1G116029,
A1G116030,
A1G116031,
A1G116033,
A1G116038,
A1G116039,
A1G116040,
A1G116043,
A1G116044,
A1G116045,
A1G116047,
A1G116048,
A1G116050,
A1G116054,
A1G116055,
A1G116056,
A1G116058,
A1G116059,
A1G116062,
A1G116063,
A1G116064,
A1G116066,
A1G116068,
A1G116071,
A1G116072,
A1G116073,
A1G116074,
A1G116075,
A1G116079,
A1G116080,
A1G116081,
A1G116082,
A1G116083,
A1G116085,
A1G116088,
A1G116089,
A1G116091,
A1G116093,
A1G116094,
A1G116097,
A1G116098,
A1G116099,
A1G116100,
A1G116101,
A1G116103,
A1G116104,
A1G116106,
A1G116107,
A1G116108,
A1G116109,
A1G116110,
A1G116111,
A1G116112,
A1G116113,
A1G116114,
A1G116115,
A1G116116,
A1G117001,
A1G117002,
A1G117003,
A1G117006,
A1G117007,
A1G117008,
A1G117011,
A1G117012,
A1G117013,
A1G117014,
A1G117016,
A1G117017,
A1G117018,
A1G117019,
A1G117021,
A1G117022,
A1G117023,
A1G117024,
A1G117025,
A1G117026,
A1G117027,
A1G117028,
A1G117029,
A1G117031,
A1G117032,
A1G117034,
A1G117035,
A1G117036,
A1G117037,
A1G117042,
A1G117043,
A1G117044,
A1G117045,
A1G117046,
A1G117047,
A1G117048,
A1G117049,
A1G117051,
A1G117052,
A1G117053,
A1G117054,
A1G117055,
A1G117057,
A1G117059,
A1G117060,
A1G117061,
A1G117062,
A1G117063,
A1G117064,
A1G117065,
A1G117066,
A1G117067,
A1G117068,
A1G117069,
A1G117070,
A1G117071,
A1G117072,
A1G117073,
A1G117074,
A1G117075,
A1G117076,
A1G117078,
A1G117079,
A1G117080,
A1G117081,
A1G117082,
A1G117083,
A1G117084,
A1G117085,
A1G117086,
A1G117087,
A1G117088,
A1G117090,
A1G117091,
A1G117092,
A1G117093,
A1G117094,
A1G117095,
A1G117096,
A1G117097,
A1G117098,
A1G117100,
A1G117101,
A1G117102,
A1G117103,
A1G117104,
A1G117105,
A1G117106,
A1G117107,
A1G117108,
A1G117109,
A1G117110,
A1G117111,
A1G117112,
A1G117113,
A1G117114,
A1G117115,
A1G117117,
A1G117120,
A1G117121,
A1G117122,
A1G118001,
A1G118002,
A1G118003,
A1G118004,
A1G118005,
A1G118006,
A1G118007,
A1G118008,
A1G118009,
A1G118010,
A1G118011,
A1G118012,
A1G118013,
A1G118014,
A1G118015,
A1G118016,
A1G118017,
A1G118019,
A1G118020,
A1G118021,
A1G118022,
A1G118023,
A1G118024,
A1G118025,
A1G118026,
A1G118027,
A1G118028,
A1G118029,
A1G118030,
A1G118031,
A1G118032,
A1G118033,
A1G118034,
A1G118035,
A1G118036,
A1G118037,
A1G118038,
A1G118039,
A1G118040,
A1G118041,
A1G118042,
A1G118043,
A1G118044,
A1G118045,
A1G118046,
A1G118047,
A1G118048,
A1G118049,
A1G118050,
A1G118051,
A1G118052,
A1G118053,
A1G118054,
A1G118055,
A1G118057,
A1G118058,
A1G118059,
A1G118060,
A1G118061,
A1G118062,
A1G118063,
A1G118064,
A1G118065,
A1G118066,
A1G118067,
A1G118068,
A1G118069,
A1G118070,
A1G118071,
A1G118072,
A1G118073,
A1G118074,
A1G118075,
A1G118076,
A1G118077,
A1G118079,
A1G118080,
A1G118081,
A1G118082,
A1G118084,
A1G118086,
A1G118087,
A1G118088,
A1G118089,
A1G118090,
A1G118091,
A1G118092,
A1G118093,
A1G118094,
A1G118095,
A1G118096,
A1G118097,
A1G118098,
A1G118099,
A1G118100,
A1G118101,
A1G118102,
A1G118103,
A1G118105,
A1G118106,
A1G118107,
A1G118108,
A1G118109,
A1G118110,
A1G118111,
A1G118112,
A1G118113,
A1G118114,
A1G118115,
A1G118116,
A1G118117,
A1G118118,
A1G118119,
A1G118120,
A1G118121,
A1G118122,
A1G118124,
A1G118125,
A1G118127,
A1G118128,
A1G118129,
A1G118130,
A1G118131,
A1G118132,
A1G118133,
A1G118134,
A1G118135,
A1G118136,
A1G118137,
A1G118138,
A1G118139,
A1G118140,
A1G118141,
A1G118142,
A1G118143,
A1G118144,
A1G118145,
A1G118146,
A1G118147,
A1G118148,
A1G118149,
A1G118150,
A1G118151,
A1G118152,
A1G118153,
A1G118154,
A1G118155,
A1G118158,
A1G119001,
A1G119003,
A1G119004,
A1G119005,
A1G119006,
A1G119007,
A1G119008,
A1G119009,
A1G119011,
A1G119012,
A1G119013,
A1G119014,
A1G119015,
A1G119016,
A1G119017,
A1G119018,
A1G119019,
A1G119020,
A1G119021,
A1G119022,
A1G119023,
A1G119024,
A1G119025,
A1G119026,
A1G119027,
A1G119028,
A1G119029,
A1G119030,
A1G119031,
A1G119032,
A1G119033,
A1G119034,
A1G119035,
A1G119036,
A1G119037,
A1G119038,
A1G119039,
A1G119040,
A1G119041,
A1G119042,
A1G119043,
A1G119044,
A1G119045,
A1G119046,
A1G119047,
A1G119048,
A1G119049,
A1G119050,
A1G119051,
A1G119052,
A1G119053,
A1G119055,
A1G119056,
A1G119057,
A1G119058,
A1G119059,
A1G119060,
A1G119061,
A1G119062,
A1G119063,
A1G119064,
A1G119065,
A1G119066,
A1G119067,
A1G119068,
A1G119069,
A1G119070,
A1G119071,
A1G119072,
A1G119073,
A1G119074,
A1G119075,
A1G119076,
A1G119077,
A1G119078,
A1G119079,
A1G119080,
A1G119081,
A1G119082,
A1G119083,
A1G119084,
A1G119085,
A1G119086,
A1G119087,
A1G119088,
A1G119089,
A1G119090,
A1G119091,
A1G119092,
A1G119093,
A1G119094,
A1G119095,
A1G119096,
A1G119097,
A1G119098,
A1G119099,
A1G119100,
A1G119101,
A1G119102,
A1G119103,
A1G119104,
A1G119105,
A1G119106,
A1G119107,
A1G119108,
A1G119109,
A1G119110,
A1G119111,
A1G119112,
A1G119113,
A1G119114,
A1G119116,
A1G119117,
A1G119118,
A1G119119,
A1G119120,
A1G119121,
A1G119122,
A1G119123,
A1G119124,
A1G119125,
A1G120001,
A1G120002,
A1G120003,
A1G120004,
A1G120005,
A1G120006,
A1G120007,
A1G120008,
A1G120009,
A1G120010,
A1G120011,
A1G120012,
A1G120013,
A1G120014,
A1G120015,
A1G120016,
A1G120017,
A1G120018,
A1G120019,
A1G120020,
A1G120021,
A1G120022,
A1G120023,
A1G120024,
A1G120025,
A1G120026,
A1G120027,
A1G120028,
A1G120029,
A1G120030,
A1G120031,
A1G120032,
A1G120033,
A1G120034,
A1G120035,
A1G120036,
A1G120037,
A1G120038,
A1G120039,
A1G120040,
A1G120041,
A1G120042,
A1G120043,
A1G120044,
A1G120045,
A1G120046,
A1G120047,
A1G120048,
A1G120049,
A1G120050,
A1G120052,
A1G120053,
A1G120054,
A1G120055,
A1G120056,
A1G120057,
A1G120058,
A1G120059,
A1G120060,
A1G120061,
A1G120062,
A1G120063,
A1G120064,
A1G120065,
A1G120066,
A1G120067,
A1G120068,
A1G120069,
A1G120070,
A1G120071,
A1G120072,
A1G120073,
A1G120074,
A1G120075,
A1G120076,
A1G120077,
A1G120078,
A1G120079,
A1G120080,
A1G120081,
A1G120082,
A1G120083,
A1G120084,
A1G120085,
A1G120086,
A1G120087,
A1G120088,
A1G120089,
A1G120090,
A1G120091,
A1G120092,
A1G120093,
A1G120094,
A1G120095,
A1G120096,
A1G120097,
A1G120098,
A1G120099,
A1G120100,
A1G120101,
A1G120102,
A1G120103,
A1G120104,
A1G120105,
A1G120106,
A1G120107,
A1G120108,
A1G120109,
A1G120110,
A1G120111,
A1G120112,
A1G120113,
A1G120114,
A1G120115,
A1G120116,
A1G120117,
A1G120118,
A1G120119,
A1G120120,
A1G120121,
A1G120122,
A1G120123,
A1G120124,
A1G120125,
A1G120126,
A1G120127,
A1G120128,
A1G120129,
A1G120130,
A1G120131,
A1G120132,
A1G120133,
A1G120134,
A1G120135,
A1G120136,
A1G120137,
A1G120138,
A1G120139,
A1G120140,
A1G120141,
A1G120142,
A1G120143,
A1G120144,
A1G120145,
A1G120146,
A1G120147,
A1G120148,
A1G120149,
A1G120150,
A1G120151,
A1G120152,
A1G120153,
A1G120154,
A1G120155,
A1G120156,
A1G120157,
A1G120158,
A1G120159,
A1G120160,
A1G120161,
A1G120162,
A1G120163,
A1G120164,
A1G120165,
A1G120166,
A1G120167,
A1G120168,
A1G120169,
A1G120170,
A1G120171,
A1G120172,
A1G120173,
A1G120174,
A1G120175,
A1G120176,
A1G120177,
A1H115008,
A1H115016,
A1H115035,
A1H115049,
A1H115053,
A1H115080,
A1H115085,
A1H116001,
A1H116004,
A1H116007,
A1H116008,
A1H116011,
A1H116012,
A1H116013,
A1H116014,
A1H116015,
A1H116016,
A1H116019,
A1H116022,
A1H116024,
A1H116025,
A1H116027,
A1H116030,
A1H116031,
A1H116037,
A1H116039,
A1H116042,
A1H116045,
A1H116051,
A1H116052,
A1H116053,
A1H116054,
A1H116055,
A1H116059,
A1H116062,
A1H116066,
A1H116069,
A1H116070,
A1H116073,
A1H116075,
A1H116076,
A1H116078,
A1H116080,
A1H116081,
A1H116083,
A1H116084,
A1H116085,
A1H116086,
A1H116087,
A1H116089,
A1H116091,
A1H116092,
A1H116093,
A1H116095,
A1H116096,
A1H116097,
A1H116098,
A1H116099,
A1H116102,
A1H116103,
A1H116104,
A1H117001,
A1H117002,
A1H117003,
A1H117005,
A1H117006,
A1H117007,
A1H117009,
A1H117010,
A1H117011,
A1H117013,
A1H117015,
A1H117016,
A1H117017,
A1H117019,
A1H117020,
A1H117022,
A1H117023,
A1H117024,
A1H117025,
A1H117026,
A1H117027,
A1H117028,
A1H117029,
A1H117031,
A1H117032,
A1H117033,
A1H117035,
A1H117037,
A1H117038,
A1H117039,
A1H117040,
A1H117041,
A1H117042,
A1H117043,
A1H117044,
A1H117045,
A1H117046,
A1H117047,
A1H117048,
A1H117049,
A1H117050,
A1H117051,
A1H117052,
A1H117053,
A1H117054,
A1H117055,
A1H117056,
A1H117057,
A1H117058,
A1H117059,
A1H118001,
A1H118002,
A1H118003,
A1H118004,
A1H118005,
A1H118006,
A1H118007,
A1H118008,
A1H118009,
A1H118010,
A1H118011,
A1H118012,
A1H118013,
A1H118014,
A1H118015,
A1H118016,
A1H118018,
A1H118019,
A1H118020,
A1H118021,
A1H118022,
A1H118023,
A1H118024,
A1H118025,
A1H118026,
A1H118027,
A1H118028,
A1H118029,
A1H118030,
A1H118031,
A1H118032,
A1H118033,
A1H118034,
A1H118035,
A1H118036,
A1H118037,
A1H118038,
A1H118040,
A1H118041,
A1H118042,
A1H118043,
A1H118044,
A1H118045,
A1H118046,
A1H118047,
A1H118048,
A1H118049,
A1H118050,
A1H118051,
A1H118053,
A1H118054,
A1H118055,
A1H118056,
A1H118057,
A1H118058,
A1H118059,
A1H118060,
A1H118061,
A1H118062,
A1H118063,
A1H118064,
A1H118065,
A1H118066,
A1H118067,
A1H118068,
A1H119001,
A1H119003,
A1H119004,
A1H119005,
A1H119006,
A1H119007,
A1H119008,
A1H119009,
A1H119010,
A1H119011,
A1H119012,
A1H119014,
A1H119015,
A1H119016,
A1H119017,
A1H119018,
A1H119019,
A1H119020,
A1H119021,
A1H119022,
A1H119023,
A1H119024,
A1H119025,
A1H119026,
A1H119027,
A1H119028,
A1H119029,
A1H119030,
A1H119032,
A1H119033,
A1H119034,
A1H119035,
A1H119036,
A1H119037,
A1H119038,
A1H119039,
A1H119040,
A1H119041,
A1H119042,
A1H119043,
A1H119044,
A1H119045,
A1H119046,
A1H119047,
A1H119048,
A1H119050,
A1H119051,
A1H119052,
A1H119053,
A1H119054,
A1H119055,
A1H119056,
A1H119057,
A1H119058,
A1H119059,
A1H120001,
A1H120002,
A1H120003,
A1H120004,
A1H120005,
A1H120006,
A1H120007,
A1H120009,
A1H120010,
A1H120011,
A1H120012,
A1H120013,
A1H120014,
A1H120015,
A1H120016,
A1H120017,
A1H120018,
A1H120019,
A1H120020,
A1H120021,
A1H120022,
A1H120023,
A1H120024,
A1H120025,
A1H120026,
A1H120027,
A1H120028,
A1H120029,
A1H120030,
A1H120031,
A1H120032,
A1H120033,
A1H120034,
A1H120035,
A1H120036,
A1H120037,
A1H120038,
A1H120039,
A1H120040,
A1H120041,
A1H120042,
A1H120043,
A1H120044,
A1H120045,
A1H120046,
A1H120047,
A1H120048,
A1H120049,
A1H120050,
A1H120052,
A1H120053,
A1H120054,
A1H120055,
A1H120056,
A1H120057,
A1H120058,
A1H120059,
A1H120060,
A1H120061,
A1H120062,
A1H120063,
A1H120064,
A1H120065,
A1H120066,
A1H120067,
A1H120068,
A1H120069,
A1H120070,
A1H120071,
A1H120072,
A1H120073,
A1H120075,
A1H120076,
A1H120077,
A1H120078,
A1H120079,
A1H120080,
A1H120081,
A1H120082,
A1H120083,
A1H120084,
A1H120085,
A1H120086,
A1H120087,
A1H120088,
A1H120089,
A1H120090,
A1H120091,
A1H120092,
A1H120093,
A1H120094,
A1H120095,
A1H120096,
A1H120097,
A1H120098,
A1H120099,
A1H120100,
A1H120101,
A1H120102,
A1H120103,
A1H120104,
A1H120105,
A1H120106,
A1H120107,
A1H120108,
A1H120109,
A1H120110,
A1H120111,
A1H120112,
A1H120113,
A1H120114,
A1H120115,
A1H120116,
A1H120117,
A1H120118,
A1H120119,
A1H120120,
A1H120121,
A1H120122,
A1H120123,
A1H120124,
A1H120125,
A1H120126,
A1H120127,
A1H120128,
A1H120129,
A1H120130,
A1H120131,
A1H120132,
A1B613080,
A1B614031,
A1B614051,
A1B614064,
A1B614085,
A1B614087,
A1L115006,
A1L115061,
A1L115067,
A1L115097,
A1L116001,
A1L116003,
A1L116004,
A1L116005,
A1L116006,
A1L116007,
A1L116008,
A1L116010,
A1L116013,
A1L116015,
A1L116016,
A1L116019,
A1L116021,
A1L116022,
A1L116023,
A1L116024,
A1L116026,
A1L116027,
A1L116028,
A1L116029,
A1L116031,
A1L116033,
A1L116034,
A1L116035,
A1L116037,
A1L116039,
A1L116040,
A1L116041,
A1L116042,
A1L116043,
A1L116045,
A1L116046,
A1L116047,
A1L116048,
A1L116049,
A1L116050,
A1L116051,
A1L116056,
A1L116058,
A1L116061,
A1L116063,
A1L116064,
A1L116065,
A1L116067,
A1L116068,
A1L116070,
A1L116072,
A1L116073,
A1L116076,
A1L116077,
A1L116078,
A1L116080,
A1L116081,
A1L116082,
A1L116083,
A1L116084,
A1L116085,
A1L116086,
A1L116088,
A1L116089,
A1L116090,
A1L116091,
A1L116092,
A1L116093,
A1L116094,
A1L116095,
A1L116096,
A1L116097,
A1L116098,
A1L116099,
A1L116100,
A1L116102,
A1L116103,
A1L117001,
A1L117002,
A1L117003,
A1L117004,
A1L117005,
A1L117006,
A1L117007,
A1L117008,
A1L117009,
A1L117011,
A1L117012,
A1L117013,
A1L117015,
A1L117016,
A1L117018,
A1L117019,
A1L117020,
A1L117021,
A1L117022,
A1L117023,
A1L117024,
A1L117025,
A1L117026,
A1L117027,
A1L117029,
A1L117030,
A1L117031,
A1L117032,
A1L117034,
A1L117035,
A1L117038,
A1L117039,
A1L117040,
A1L117042,
A1L117043,
A1L117044,
A1L117046,
A1L117047,
A1L117048,
A1L117049,
A1L117050,
A1L117051,
A1L117052,
A1L117053,
A1L117054,
A1L117055,
A1L117056,
A1L117057,
A1L118001,
A1L118003,
A1L118004,
A1L118005,
A1L118006,
A1L118007,
A1L118008,
A1L118009,
A1L118010,
A1L118011,
A1L118012,
A1L118013,
A1L118014,
A1L118015,
A1L118017,
A1L118018,
A1L118019,
A1L118020,
A1L118021,
A1L118022,
A1L118023,
A1L118024,
A1L118025,
A1L118026,
A1L118028,
A1L118029,
A1L118030,
A1L118031,
A1L118032,
A1L118033,
A1L118034,
A1L118036,
A1L118037,
A1L118038,
A1L118039,
A1L118040,
A1L118041,
A1L118042,
A1L118043,
A1L118044,
A1L118045,
A1L118046,
A1L118047,
A1L119003,
A1L119004,
A1L119006,
A1L119007,
A1L119008,
A1L119009,
A1L119010,
A1L119011,
A1L119012,
A1L119013,
A1L119015,
A1L119016,
A1L119017,
A1L119018,
A1L119019,
A1L119021,
A1L119022,
A1L119024,
A1L119025,
A1L119026,
A1L119027,
A1L119029,
A1L119030,
A1L119031,
A1L119032,
A1L119033,
A1L119035,
A1L119036,
A1L119037,
A1L119038,
A1L119039,
A1L119040,
A1L119041,
A1L119042,
A1L119043,
A1L119044,
A1L119045,
A1L119046,
A1L119047,
A1L119048,
A1L119049,
A1L119051,
A1L119052,
A1L119053,
A1L119054,
A1L119055,
A1L119056,
A1L119057,
A1L119059,
A1L119060,
A1L119061,
A1L119062,
A1L119063,
A1L119064,
A1L119065,
A1L119066,
A1L119067,
A1L119068,
A1L119069,
A1L119070,
A1L119071,
A1L119072,
A1L119073,
A1L119074,
A1L119075,
A1L119076,
A1L119077,
A1L119078,
A1L119079,
A1L119080,
A1L119081,
A1L119082,
A1L119083,
A1L119084,
A1L119085,
A1L119086,
A1L119087,
A1L119088,
A1L119089,
A1L119090,
A1L119091,
A1L119092,
A1L119093,
A1L119094,
A1L120001,
A1L120003,
A1L120004,
A1L120005,
A1L120006,
A1L120007,
A1L120008,
A1L120009,
A1L120010,
A1L120011,
A1L120012,
A1L120013,
A1L120014,
A1L120015,
A1L120016,
A1L120017,
A1L120018,
A1L120019,
A1L120021,
A1L120022,
A1L120023,
A1L120024,
A1L120025,
A1L120026,
A1L120027,
A1L120028,
A1L120029,
A1L120030,
A1L120031,
A1L120032,
A1L120033,
A1L120034,
A1L120035,
A1L120036,
A1L120037,
A1L120038,
A1L120039,
A1L120040,
A1L120041,
A1L120042,
A1L120043,
A1L120044,
A1L120045,
A1L120046,
A1L120047,
A1L120048,
A1L120049,
A1L120050,
A1L120051,
A1L120052,
A1L120053,
A1L120054,
A1L120055,
A1L120056,
A1L120057,
A1L120058,
A1L120059,
A1L120060,
A1L120061,
A1L120062,
A1L120064,
A1L120065,
A1L120066,
A1L120068,
A1L120069,
A1L120070,
A1L120071,
A1L120072,
A1L120073,
A1L120074,
A1L120075,
A1L120077,
A1L120078,
A1M115003,
A1M115006,
A1M115010,
A1M115013,
A1M115022,
A1M115026,
A1M115037,
A1M115038,
A1M115043,
A1M115045,
A1M115047,
A1M115049,
A1M115050,
A1M115063,
A1M115068,
A1M115071,
A1M115072,
A1M115073,
A1M115085,
A1M115086,
A1M115091,
A1M115100,
A1M115110,
A1M115112,
A1M115117,
A1M115122,
A1M115123,
A1M115126,
A1M115129,
A1M115133,
A1M115140,
A1M115141,
A1M115143,
A1M115151,
A1M115153,
A1M115165,
A1M115179,
A1M115184,
A1M115197,
A1M115199,
A1M116001,
A1M116003,
A1M116005,
A1M116006,
A1M116007,
A1M116009,
A1M116010,
A1M116013,
A1M116014,
A1M116016,
A1M116017,
A1M116018,
A1M116020,
A1M116024,
A1M116026,
A1M116027,
A1M116031,
A1M116033,
A1M116034,
A1M116035,
A1M116039,
A1M116040,
A1M116042,
A1M116043,
A1M116045,
A1M116046,
A1M116047,
A1M116048,
A1M116054,
A1M116056,
A1M116061,
A1M116064,
A1M116068,
A1M116069,
A1M116071,
A1M116072,
A1M116074,
A1M116076,
A1M116077,
A1M116078,
A1M116079,
A1M116080,
A1M116082,
A1M116083,
A1M116088,
A1M116090,
A1M116092,
A1M116093,
A1M116095,
A1M116096,
A1M116101,
A1M116102,
A1M116104,
A1M116105,
A1M116109,
A1M116110,
A1M116112,
A1M116113,
A1M116114,
A1M116118,
A1M116121,
A1M116122,
A1M116127,
A1M116128,
A1M116130,
A1M116132,
A1M116134,
A1M116136,
A1M117001,
A1M117002,
A1M117003,
A1M117005,
A1M117006,
A1M117007,
A1M117009,
A1M117010,
A1M117011,
A1M117012,
A1M117013,
A1M117014,
A1M117016,
A1M117020,
A1M117021,
A1M117023,
A1M117025,
A1M117026,
A1M117028,
A1M117029,
A1M117031,
A1M117032,
A1M117033,
A1M117035,
A1M117036,
A1M117037,
A1M117038,
A1M117039,
A1M117042,
A1M117043,
A1M117044,
A1M117045,
A1M117046,
A1M117047,
A1M117048,
A1M117049,
A1M117050,
A1M117051,
A1M117052,
A1M117053,
A1M117054,
A1M117055,
A1M117056,
A1M117057,
A1M117058,
A1M117059,
A1M117060,
A1M117061,
A1M117062,
A1M117063,
A1M117064,
A1M117065,
A1M117067,
A1M117068,
A1M117069,
A1M117070,
A1M117071,
A1M117072,
A1M117073,
A1M117074,
A1M117075,
A1M117077,
A1M117078,
A1M117079,
A1M117081,
A1M117082,
A1M117084,
A1M117086,
A1M117087,
A1M117088,
A1M117089,
A1M117090,
A1M117091,
A1M117093,
A1M117094,
A1M117095,
A1M117097,
A1M117098,
A1M117099,
A1M117100,
A1M117102,
A1M117103,
A1M117104,
A1M117106,
A1M117107,
A1M117108,
A1M118001,
A1M118002,
A1M118003,
A1M118004,
A1M118005,
A1M118006,
A1M118007,
A1M118008,
A1M118010,
A1M118011,
A1M118013,
A1M118014,
A1M118015,
A1M118016,
A1M118017,
A1M118018,
A1M118019,
A1M118020,
A1M118021,
A1M118022,
A1M118023,
A1M118024,
A1M118025,
A1M118026,
A1M118027,
A1M118028,
A1M118029,
A1M118030,
A1M118031,
A1M118032,
A1M118033,
A1M118034,
A1M118035,
A1M118036,
A1M118037,
A1M118038,
A1M118039,
A1M118041,
A1M118042,
A1M118043,
A1M118044,
A1M118045,
A1M118046,
A1M118047,
A1M118048,
A1M118049,
A1M118050,
A1M118051,
A1M118052,
A1M118053,
A1M118055,
A1M118056,
A1M118057,
A1M118060,
A1M118061,
A1M118062,
A1M118063,
A1M118064,
A1M118065,
A1M118066,
A1M118067,
A1M118068,
A1M118069,
A1M118070,
A1M118071,
A1M118072,
A1M118073,
A1M118074,
A1M118075,
A1M118076,
A1M118077,
A1M118078,
A1M118079,
A1M118080,
A1M118081,
A1M118082,
A1M118083,
A1M118084,
A1M118085,
A1M118086,
A1M118087,
A1M118088,
A1M118089,
A1M118091,
A1M118092,
A1M118093,
A1M118094,
A1M118095,
A1M118096,
A1M118097,
A1M118098,
A1M118099,
A1M118100,
A1M118101,
A1M118102,
A1M118103,
A1M118104,
A1M118105,
A1M118106,
A1M118107,
A1M118108,
A1M118109,
A1M118110,
A1M118111,
A1M118112,
A1M118113,
A1M118114,
A1M118115,
A1M118116,
A1M118117,
A1M118119,
A1M118123,
A1M118124,
A1M118125,
A1M118126,
A1M118127,
A1M118128,
A1M118129,
A1M118130,
A1M118131,
A1M118133,
A1M118134,
A1M118135,
A1M118136,
A1M118137,
A1M118138,
A1M119001,
A1M119002,
A1M119003,
A1M119004,
A1M119005,
A1M119006,
A1M119007,
A1M119008,
A1M119009,
A1M119010,
A1M119011,
A1M119012,
A1M119013,
A1M119014,
A1M119015,
A1M119016,
A1M119017,
A1M119018,
A1M119019,
A1M119021,
A1M119022,
A1M119023,
A1M119024,
A1M119025,
A1M119026,
A1M119028,
A1M119029,
A1M119030,
A1M119031,
A1M119032,
A1M119033,
A1M119034,
A1M119035,
A1M119036,
A1M119037,
A1M119038,
A1M119040,
A1M119041,
A1M119042,
A1M119043,
A1M119044,
A1M119045,
A1M119046,
A1M119047,
A1M119048,
A1M119050,
A1M119051,
A1M119052,
A1M119053,
A1M119054,
A1M119055,
A1M119056,
A1M119057,
A1M119058,
A1M119059,
A1M119060,
A1M119062,
A1M119063,
A1M119064,
A1M119065,
A1M119066,
A1M119067,
A1M119068,
A1M119069,
A1M119070,
A1M119071,
A1M119072,
A1M119073,
A1M119074,
A1M119075,
A1M119076,
A1M119077,
A1M119078,
A1M119079,
A1M119080,
A1M119081,
A1M119083,
A1M119084,
A1M119085,
A1M119086,
A1M119087,
A1M119088,
A1M119089,
A1M119091,
A1M119092,
A1M119093,
A1M119094,
A1M119095,
A1M119097,
A1M119098,
A1M119099,
A1M119100,
A1M119101,
A1M119102,
A1M119103,
A1M119104,
A1M119106,
A1M119107,
A1M119108,
A1M119109,
A1M119110,
A1M119111,
A1M119112,
A1M119113,
A1M119114,
A1M119115,
A1M119116,
A1M119117,
A1M119118,
A1M119119,
A1M119120,
A1M119121,
A1M119122,
A1M120001,
A1M120002,
A1M120003,
A1M120005,
A1M120006,
A1M120007,
A1M120008,
A1M120009,
A1M120010,
A1M120011,
A1M120012,
A1M120013,
A1M120014,
A1M120015,
A1M120017,
A1M120018,
A1M120019,
A1M120020,
A1M120021,
A1M120022,
A1M120023,
A1M120024,
A1M120025,
A1M120026,
A1M120027,
A1M120028,
A1M120029,
A1M120031,
A1M120032,
A1M120033,
A1M120034,
A1M120035,
A1M120036,
A1M120037,
A1M120038,
A1M120039,
A1M120040,
A1M120041,
A1M120042,
A1M120043,
A1M120044,
A1M120045,
A1M120046,
A1M120047,
A1M120048,
A1M120049,
A1M120050,
A1M120051,
A1M120052,
A1M120053,
A1M120054,
A1M120055,
A1M120056,
A1M120057,
A1M120058,
A1M120060,
A1M120061,
A1M120062,
A1M120063,
A1M120064,
A1M120065,
A1M120066,
A1M120067,
A1M120068,
A1M120069,
A1M120070,
A1M120071,
A1M120072,
A1M120073,
A1M120074,
A1M120075,
A1M120076,
A1M120077,
A1M120078,
A1M120079,
A1M120080,
A1M120081,
A1M120082,
A1M120083,
A1M120084,
A1M120085,
A1M120086,
A1M120087,
A1M120088,
A1M120089,
A1M120090,
A1M120091,
A1M120092,
A1M120093,
A1M120094,
A1M120095,
A1M120096,
A1M120097,
A1M120098,
A1M120099,
A1M120100,
A1M120101,
A1M120102,
A1M120103,
A1M120104,
A1M120105,
A1M120106,
A1M120107,
A1M120108,
A1M120109,
A1M120110,
A1M120111,
A1M120112,
A1M120113,
A1M120114,
A1M120115,
A1M120116,
A1M120117,
A1M120118,
A1M120119,
A1M120120,
A1M120121,
A1M120122,
A1M120123,
A1M120124,
A1M120126,
A1M120127,
A1M120128,
A1M120129,
A1M120130,
A1M120131,
A1M316003,
A1M316005,
A1M316009,
A1M316010,
A1M316012,
A1M316013,
A1M316017,
A1M316018,
A1M316019,
A1M316020,
A1M316022,
A1M316023,
A1M316024,
A1M316025,
A1M316026,
A1M316027,
A1M316028,
A1M316029,
A1M316031,
A1M316032,
A1M316033,
A1M316034,
A1M316035,
A1M316036,
A1M316037,
A1M316039,
A1M316040,
A1M316041,
A1M316042,
A1M316043,
A1M316044,
A1M316045,
A1M316046,
A1M316047,
A1M316048,
A1M316049,
A1M316050,
A1M316052,
A1M316053,
A1M316054,
A1M316058,
A1M316061,
A1M316062,
A1M316066,
A1M316067,
A1M316068,
A1M316070,
A1M316071,
A1M316072,
A1M316073,
A1Q116102,
A1Q116103,
A1Q116104,
A1Q116105,
A1Q116106,
A1Q116107,
A1Q116109,
A1Q116111,
A1Q116112,
A1Q116113,
A1Q116114,
A1Q116115,
A1Q116116,
A1Q116117,
A1Q116118,
A1Q116121,
A1Q116122,
A1Q116123,
A1Q116125,
A1Q116126,
A1Q116130,
A1Q116132,
A1Q116133,
A1Q116134,
A1Q116137,
A1R115001,
A1R115003,
A1R115006,
A1R115011,
A1R115024,
A1R115027,
A1R115030,
A1R115033,
A1R115034,
A1R115035,
A1R115039,
A1R115041,
A1R115061,
A1R115065,
A1R115066,
A1R115069,
A1R115071,
A1R115078,
A1R115079,
A1R115084,
A1R115094,
A1R115095,
A1R115098,
A1R115099,
A1R115100,
A1R115101,
A1R115102,
A1R115103,
A1R115104,
A1R117001,
A1R117002,
A1R117005,
A1R117006,
A1R117007,
A1R117009,
A1R117010,
A1R117011,
A1R117012,
A1R117017,
A1R117018,
A1R117019,
A1R117020,
A1R117021,
A1R117022,
A1R117023,
A1R117025,
A1R117026,
A1R117027,
A1R117028,
A1R117029,
A1R117030,
A1R117031,
A1R117032,
A1R117034,
A1R117035,
A1R117038,
A1R117039,
A1R117040,
A1R117041,
A1R117042,
A1R117044,
A1R117046,
A1R117047,
A1R117048,
A1R117049,
A1R117050,
A1R117053,
A1R117054,
A1R117055,
A1R117056,
A1R117058,
A1R117059,
A1R117060,
A1R117061,
A1R117062,
A1R117064,
A1R117065,
A1R117066,
A1R118003,
A1R118005,
A1R118006,
A1R118007,
A1R118008,
A1R118009,
A1R118011,
A1R118012,
A1R118013,
A1R118018,
A1R118019,
A1R118020,
A1R118021,
A1R118022,
A1R118023,
A1R118024,
A1R118025,
A1R118026,
A1R118027,
A1R118028,
A1R118029,
A1R118030,
A1R118032,
A1R118033,
A1R118035,
A1R118037,
A1R118039,
A1R118040,
A1R118041,
A1R118042,
A1R118043,
A1R118044,
A1R118045,
A1R118047,
A1R118048,
A1R118049,
A1R118050,
A1R118051,
A1R118052,
A1R118054,
A1R119001,
A1R119002,
A1R119003,
A1R119005,
A1R119007,
A1R119008,
A1R119009,
A1R119010,
A1R119011,
A1R119012,
A1R119013,
A1R119014,
A1R119015,
A1R119016,
A1R119017,
A1R119018,
A1R119019,
A1R119020,
A1R119021,
A1R119023,
A1R119024,
A1R119025,
A1R119026,
A1R119027,
A1R119028,
A1R119030,
A1R119031,
A1R119032,
A1R119033,
A1R119034,
A1R119035,
A1R119037,
A1R119038,
A1R119039,
A1R119040,
A1R119042,
A1R119043,
A1R119044,
A1R119045,
A1R119046,
A1R119047,
A1R119048,
A1R119049,
A1R119050,
A1R119051,
A1R119052,
A1R119053,
A1R119055,
A1R119059,
A1R119060,
A1R119061,
A1R119062,
A1R119065,
A1R119066,
A1R119067,
A1R119068,
A1R119070,
A1R119071,
A1R119073,
A1R119075,
A1R119076,
A1R119077,
A1R119078,
A1R119079,
A1R119080,
A1R119082,
A1R119084,
A1R119085,
A1R119086,
A1R119087,
A1R119089,
A1R119091,
A1R119092,
A1R119093,
A1R119094,
A1R119095,
A1R119096,
A1R119098,
A1R120001,
A1R120003,
A1R120004,
A1R120005,
A1R120006,
A1R120007,
A1R120008,
A1R120009,
A1R120010,
A1R120011,
A1R120012,
A1R120013,
A1R120014,
A1R120015,
A1R120016,
A1R120017,
A1R120018,
A1R120019,
A1R120021,
A1R120022,
A1R120023,
A1R120024,
A1R120025,
A1R120027,
A1R120028,
A1R120029,
A1R120030,
A1R120031,
A1R120032,
A1R120033,
A1R120034,
A1R120035,
A1R120037,
A1R120038,
A1R120039,
A1R120040,
A1R120041,
A1R120042,
A1R120043,
A1R120044,
A1R120045,
A1R120046,
A1R120047,
A1R120048,
A1R120049,
A1R120050,
A1R120051,
A1R120052,
A1R120053,
A1R120054,
A1R120055,
A1R120056,
A1R120057,
A1R120058,
A1R120059,
A1R120060,
A1R120061,
A1R120062,
A1R120063,
A1R120064,
A1R120065,
A1R120067,
